sub_url,photo,house_name,house_status,house_type,address,price,district,id
/first/2040/,https://img.0756fang.com/Upload/Dictionary/2020-09/sC8B08CB80791465A94AC500B623A0C57.jpg/w600,世茂港珠澳口岸城,在售,商办,香洲区茂盛二路67号,36000,1,2040
/first/2096/,https://img.0756fang.com/Upload/Dictionary/2020-11/sD01FF9DEBDA44FFB975F83F75DEB57A4.jpeg/w600,龙光玖云著,在售,商办,香洲区九洲大道西10,15000,1,2096
/first/1276/,https://img.0756fang.com/Upload/Dictionary/2019-04/5219dd49-6ef7-48ce-9d13-50f6533c32a6.jpg/w600,美盈时代公馆,不在售,商办,香洲区朝蓬街38号 ,27000,1,1276
/first/1246/,https://img.0756fang.com/Upload/Dictionary/2018-12/f150cfc8-0233-4fae-934d-1f472e47961c.jpg/w600,仁恒滨海中心,不在售,住宅,香洲区情侣南路1号 ,67000,1,1246
/first/55/,https://img.0756fang.com/Upload/Dictionary/2019-03/ab41edbd-ec7d-4bf2-b8d7-cfad22e0a246.jpg/w600,中铁凤凰谷,不在售,住宅,香洲区拱北联安路30,46000,1,55
/first/1474/,https://img.0756fang.com/Upload/Dictionary/2020-06/s4EC2A53478A942A0BCA39447FEBE78C3.jpg/w600,岭秀城壹号,不在售,住宅,香洲区岭秀巷20号 ,38000,1,1474
/first/2095/,https://img.0756fang.com/Upload/Dictionary/2020-11/sFB5F94B6601346D5BBEB9BBA23B8CA00.jpeg/w600,富力新天地,不在售,商办,香洲区跃升路68号(,27000,1,2095
/first/25/,https://img.0756fang.com/Upload/Dictionary/2016-04/4ccd9153-cddb-4681-bf48-39369071ac59.jpg/w600,中铁诺德国际,不在售,住宅,香洲区白石路73号 ,37000,1,25
/first/1460/,https://img.0756fang.com/Upload/Dictionary/2020-05/sDFC322F941CB4DA898DC8D44B1DB53F4.png/w600,利腾金力湾,不在售,住宅,香洲区拱北丰源街58,33000,1,1460
/first/1140/,https://img.0756fang.com/Upload/Dictionary/2018-04/e7c9cb4a-a082-4d49-a162-160ec94d88e9.jpg/w600,玖洲道,不在售,住宅,珠海市九洲大道西21,32000,1,1140
/first/1288/,https://img.0756fang.com/Upload/Dictionary/2019-05/4153b416-7858-4fd7-953b-913e9161fcc4.jpg/w600,江山赋,在售,住宅,香洲区九洲大道中20,36000,2,1288
/first/2146/,https://img.0756fang.com/Upload/Dictionary/2021-05/s909D36CE721E460EB287480356BEAE11.jpg/w600,情侣湾1号,不在售,住宅,香洲区吉大情侣南路8,65000,2,2146
/first/2147/,https://img.0756fang.com/Upload/Dictionary/2021-10/s36BC12343BEE471ABE412BA074EFF398.jpg/w600,曦华园,不在售,住宅,香洲区吉大情侣南路2,51000,2,2147
/first/1309/,https://img.0756fang.com/Upload/Dictionary/2019-07/819c75e5-23eb-4ed8-afba-45651d6d0adb.jpg/w600,诚丰银座,不在售,住宅,香洲区吉大海滨南路6,38000,2,1309
/first/71/,https://img.0756fang.com/Upload/Dictionary/2017-11/7fec5965-307f-4b36-b6e3-92188f436358.jpeg/w600,万科石花66号,不在售,商住,珠海市香洲区吉大石花,23000,2,71
/first/1308/,https://img.0756fang.com/Upload/Dictionary/2019-07/41437cb9-450b-4d3c-bca0-cb34cf99db93.jpg/w600,诚丰星座,不在售,住宅,香洲区吉大景园路19,39000,2,1308
/first/73/,https://img.0756fang.com/Upload/Dictionary/2017-11/04a19755-291b-4f17-ba1f-e265a5a7caeb.jpg/w600,恒天国际大厦,不在售,商住,吉大九洲大道    ,34000,2,73
/first/1329/,https://img.0756fang.com/Upload/Dictionary/2019-09/e7be9b51-f128-4330-8a05-c3dac4d8515c.jpg/w600,铭泰城市广场,在售,商办,珠海市香洲区紫荆路9,16600,3,1329
/first/2055/,https://img.0756fang.com/Upload/Dictionary/2020-09/sC4BE79957F6E4666A84C00237E838975.png/w600,凤凰公馆,在售,住宅,香洲区碧泉街101号,32500,3,2055
/first/1339/,https://img.0756fang.com/Upload/Dictionary/2021-10/sB2837B980CC3414798A70A6E203F7533.jpg/w600,香麓湾,不在售,别墅,香洲区神前路87号 ,40000,3,1339
/first/2272/,https://img.0756fang.com/Upload/Dictionary/2016-08/6557cc75-ead8-400b-a11d-906973da1fb7.jpg/w600,扬名广场,不在售,商铺,凤凰南路1088号 ,待定,3,2272
/first/119/,https://img.0756fang.com/Upload/Dictionary/2019-02/f2735be3-4f44-46b1-bd5f-2f58db2dacef.jpg/w600,弘泰豪庭,不在售,住宅,香洲区人民东路弘泰巷,32500,3,119
/first/1307/,https://img.0756fang.com/Upload/Dictionary/2021-10/sC2D2292C26A946D1A3EA31AE4637337A.jpg/w600,城市东岸,不在售,别墅,香洲区梅华东路6号 ,41000,3,1307
/first/1141/,https://img.0756fang.com/Upload/Dictionary/2019-06/f355b28a-dd0e-410c-8ffd-50d7c23ba8fa.jpg/w600,悦澜山,不在售,住宅,香洲区契爷岭二街60,37000,3,1141
/first/1304/,https://img.0756fang.com/Upload/Dictionary/2019-07/783f8edb-4699-4fed-bd6d-bf316a9bc8da.jpg/w600,天宸,不在售,住宅,香洲区契爷岭二街2号,40000,3,1304
/first/1267/,https://img.0756fang.com/Upload/Dictionary/2019-03/b38cb6a9-89e9-4bdf-ba10-105fbc094f0f.png/w600,春暖花开花园,不在售,住宅,香洲区神前路100号,34000,3,1267
/first/1472/,https://img.0756fang.com/Upload/Dictionary/2020-06/sDEB37E7FD0D44BD2B922D6C83B26FBD6.jpg/w600,优特绿城桂语香山,不在售,其它,香洲区云栖街63号（,23000,3,1472
/first/2077/,https://img.0756fang.com/Upload/Dictionary/2020-10/sCA98DAA17E754C1E93A92ECCFFC62BFC.jpeg/w600,凤凰海域,不在售,住宅,香洲区神前路19号 ,45000,3,2077
/first/2037/,https://img.0756fang.com/Upload/Dictionary/2020-08/s647BA91AC5DB4491964A9A8D5B6C37F3.jpeg/w600,恒荣城市溪谷,不在售,住宅,一期：香洲区神前路9,36000,3,2037
/first/1264/,https://img.0756fang.com/Upload/Dictionary/2019-03/bfa1c93f-5f8a-4f83-8f99-9c99259c72c6.jpg/w600,港珠湾山庄,不在售,别墅,香洲区银坑泉星路92,60000,3,1264
/first/1263/,https://img.0756fang.com/Upload/Dictionary/2019-03/483b673a-387d-4e68-99b5-1e31cabc6c5c.jpg/w600,韵怡湾,不在售,住宅,香洲区香埠路112号,35500,3,1263
/first/2072/,https://img.0756fang.com/Upload/Dictionary/2020-10/s46EAF80A26A94329BDC265386F88FB03.jpg/w600,一方云顶,不在售,商住,香洲区珠云巷32号(,24500,4,2072
/first/1332/,https://img.0756fang.com/Upload/Dictionary/2021-04/sE42E4195D6DA473096E5720A1974908E.png/w600,绿景喜悦荟,不在售,住宅,香洲区信景路168号,31500,4,1332
/first/2184/,https://img.0756fang.com/Upload/Fang/2021-10/sE5CCB51A37FE429781F6D47E673D1EA3.jpeg/w600,建发央璟,不在售,住宅,珠海新香洲区春风路 ,40000,4,2184
/first/29/,https://img.0756fang.com/Upload/Dictionary/2018-08/49c3fc4d-eccd-4536-a5d4-7015920777fa.jpg/w600,奥园广场,不在售,写字楼,香洲区金桔路8号(1,21000,4,29
/first/1297/,https://img.0756fang.com/Upload/Dictionary/2019-06/dfcc403e-85cb-4a02-beb8-f2d0ebd60a7c.jpg/w600,恒大珺睿,不在售,商住,香洲区迎宾北路211,20000,4,1297
/first/1244/,https://img.0756fang.com/Upload/Dictionary/2018-03/09856d5e-2c3b-43fd-bc52-dfc523940f8b.jpg/w600,美林书苑,不在售,住宅,香洲区香榭路233号,37000,4,1244
/first/1281/,https://img.0756fang.com/Upload/Dictionary/2019-04/36433648-0b8e-4722-b719-10626520949a.jpg/w600,岭南世家瑞府,不在售,住宅,香洲区南虹一街19号,32000,4,1281
/first/1168/,https://img.0756fang.com/Upload/Dictionary/2018-08/4daee580-e9c9-4eb4-af2a-e227a074afd7.jpg/w600,曼哈顿行政公馆,不在售,商住,珠海市香洲区梅华西路,28500,4,1168
/first/57/,https://img.0756fang.com/Upload/Dictionary/2016-04/b38e1ecd-1177-479e-b783-df92c446f1b8.jpg/w600,金域华府,不在售,商铺,香洲区怡华街99号(,100000,4,57
/first/2169/,https://img.0756fang.com/Upload/Dictionary/2021-07/sD10645BF7018431FA138C97DDD080232.jpg/w600,香府一品,在售,住宅,香洲区翠微西路202,33000,5,2169
/first/2170/,https://img.0756fang.com/Upload/Dictionary/2014-09/d2527dbe-fadf-47e9-8181-872168d7b770.jpg/w600,凤山府,不在售,住宅,珠海市香洲区明珠北路,29000,5,2170
/first/2034/,https://img.0756fang.com/Upload/Dictionary/2020-08/sD297F5D4113F435CBDA03000877BE6DA.jpg/w600,马鞍山一号公馆,不在售,住宅,香洲区翠前南路166,34000,5,2034
/first/1241/,https://img.0756fang.com/Upload/Dictionary/2018-12/e2bdaf95-99bf-4f77-9863-219586ed3977.jpg/w600,燕都,不在售,住宅,香洲区翠微东路288,33500,5,1241
/first/1150/,https://img.0756fang.com/Upload/Dictionary/2017-07/94a4d773-645e-479e-adaa-c6a8bde962c2.jpg/w600,半山町,不在售,住宅,香洲区前山梅花路30,27000,5,1150
/first/2142/,https://img.0756fang.com/Upload/Dictionary/2021-05/sE8D83B59BF25483ABC60B07125ED35E3.jpg/w600,颐景山庄,不在售,住宅,香洲区园明路268号,36800,5,2142
/first/100/,https://img.0756fang.com/Upload/Dictionary/2018-02/c378f3d1-bd81-4ea9-87fc-abe8d1a0af6e.jpg/w600,心悦湾,不在售,住宅,珠海市粤海西路以北，,32000,5,100
/first/2138/,https://img.0756fang.com/Upload/Dictionary/2021-04/s2B66249ECCCB4A11955446967DE72B60.png/w600,融德广场,不在售,写字楼,香洲区永德街8号  ,24000,5,2138
/first/127/,https://img.0756fang.com/Upload/Dictionary/2016-06/f58dae61-f4e2-407c-84ea-90b249a39b50.jpg/w600,心海州商业街,不在售,商铺,三台石路与粤海西路处,100000,5,127
/first/17/,https://img.0756fang.com/Upload/Dictionary/2016-08/e5b8b67c-df8e-4428-bb9c-d4c3bc036622.png/w600,铂瑞湾,不在售,写字楼,香洲区前河北路988,30000,5,17
/first/134/,https://img.0756fang.com/Upload/Dictionary/2017-10/cb240c12-eae6-4c32-9a35-e5cc6584ea37.png/w600,玲珑府,不在售,住宅,香洲区造兴路888号,25000,5,134
/first/1299/,https://img.0756fang.com/Upload/Dictionary/2019-07/106e0777-c6b2-434f-a0f8-bb1ee4f3bf59.jpg/w600,诚丰圣诺大厦,不在售,商办,香洲区金鸡路288号,24000,5,1299
/first/1218/,https://img.0756fang.com/Upload/Dictionary/2018-09/170e2fe0-f9eb-4396-a72d-ead639da6b32.jpg/w600,中海环宇城,不在售,住宅,香洲区前河北路98号,33000,5,1218
/first/2254/,https://img.0756fang.com/Upload/Dictionary/2022-03/s9E42766DA89E48AFB32940C4D6AD7FF7.jpg/w600,华发山庄,在售,别墅,香洲区迎宾北路103,50000,6,2254
/first/42/,https://img.0756fang.com/Upload/Dictionary/2018-03/93c1ba87-4b7e-475e-a888-dc66d46f7a7f.jpg/w600,中安广场,在售,商办,A座：香洲区港安街4,15800,7,42
/first/2140/,https://img.0756fang.com/Upload/Dictionary/2021-06/s8E80939D8FC1428CB57BD98014BD55A2.jpg/w600,鹏瑞珠澳湾,在售,商办,香洲区前河东路60号,21000,7,2140
/first/2166/,https://img.0756fang.com/Upload/Dictionary/2021-07/sD6B12DED24F440E7B2185297A8695D6E.jpg/w600,龙光玖云汇,在售,住宅,香洲区望舒巷106号,25000,7,2166
/first/1190/,https://img.0756fang.com/Upload/Dictionary/2018-08/9dc0438b-6ade-4d26-91f5-305cc90ed4c1.jpg/w600,隆福晶都,不在售,商办,香洲区隆福街11号 ,35000,7,1190
/first/117/,https://img.0756fang.com/Upload/Dictionary/2018-08/a293e20d-c403-4fa3-891f-b1aedeb4a305.jpg/w600,龙光玖龙湾,不在售,住宅,香洲区拱北侨光路48,41000,7,117
/first/2283/,https://img.0756fang.com/Upload/Dictionary/2022-10/sBC0BC96CB4A84F0D8944168688621E2B.jpg/w600,正方深悦湾花园,在售,住宅,香洲区金业南路555,25000,8,2283
/first/2300/,https://img.0756fang.com/Upload/Dictionary/2023-03/sC4D6A15D37124F4585DFC12716BF5E0A.jpg/w600,天地源悦唐阁,在售,住宅,高新区科技创新海岸北,23000,8,2300
/first/1214/,https://img.0756fang.com/Upload/Dictionary/2018-10/fd932e44-2575-4993-ab7a-3746b2563680.jpg/w600,华发绿洋湾,在售,住宅,香洲区情侣北路铜鼓街,29000,8,1214
/first/2188/,https://img.0756fang.com/Upload/Fang/2021-10/sEE62E2664C2F47CFA5B253380F193DB7.jpg/w600,格力海岸六期,在售,住宅,香洲区云海路299号,34000,8,2188
/first/1186/,https://img.0756fang.com/Upload/Dictionary/2018-07/e1387fd3-9730-4630-9bca-2d0ef0406bb5.jpg/w600,卓越唐家墅,在售,别墅,情侣北前湾五路666,72000,8,1186
/first/2162/,https://img.0756fang.com/Upload/Dictionary/2021-07/s38006B8A2D914F76A5CCDFCF6718AE2A.jpg/w600,清能岭秀荟,在售,住宅,高新区新湾七路283,23500,8,2162
/first/2112/,https://img.0756fang.com/Upload/Dictionary/2020-12/sB61D807A1B5D4C7CBD86B27950605141.jpg/w600,天恒湾景花园,在售,住宅,高新区唐家湾半岛六路,40000,8,2112
/first/2261/,https://img.0756fang.com/Upload/Dictionary/2022-05/s1EBE44AD31DC43C7A5765AAC3C4C1D64.jpg/w600,仁恒滨海湾花园,在售,住宅,香洲区田馆北路68号,28000,8,2261
/first/2183/,https://img.0756fang.com/Upload/Dictionary/2021-10/s5704DB2AE7F149F6A82B1FCEF88AEFC8.jpg/w600,唐家公馆,在售,住宅,高新区北城西二路28,26000,8,2183
/first/2281/,https://img.0756fang.com/Upload/Dictionary/2022-10/s0A4DA55AA3E44D9C90BCC3B8170C2AB2.jpg/w600,港湾天际,在售,住宅,高新区前湾二路399,29000,8,2281
/first/2159/,https://img.0756fang.com/Upload/Dictionary/2021-06/s0E1E522E00064F75880CB677EF45C9A5.jpg/w600,北站宝龙广场,不在售,住宅,珠海市北城西一路28,22000,8,2159
/first/2258/,https://img.0756fang.com/Upload/Dictionary/2022-04/s08E18BEDE6DA40F6BB42688FF15C3391.jpg/w600,华润置地广场,不在售,住宅,高新区新湾五路121,23000,8,2258
/first/2248/,https://img.0756fang.com/Upload/Dictionary/2022-04/s793ADE14A8024D99AE84755024E8DE1F.png/w600,美的宝龙城,不在售,住宅,珠海市金业北路125,25000,8,2248
/first/70/,https://img.0756fang.com/Upload/Dictionary/2020-04/sCAF6280F2EDE4CDB8B49007837B21AC9.jpeg/w600,万科红树东岸,不在售,住宅,高新区金星路228号,29000,8,70
/first/1470/,https://img.0756fang.com/Upload/Dictionary/2020-06/s63E5EFC570394B3B91CC2DCBDB23CD51.jpg/w600,恒大云锦,不在售,住宅,香洲区金埔路360号,23000,8,1470
/first/2016/,https://img.0756fang.com/Upload/Dictionary/2020-07/s006BFCAB5835420FB7E3BAB9E4FCA903.jpg/w600,高新宝龙城,不在售,商办,高新区创新一路9号 ,13000,8,2016
/first/1165/,https://img.0756fang.com/Upload/Dictionary/2018-06/7542ab8f-931f-4564-9113-38bfe2da1a17.jpg/w600,仁恒滨海半岛,不在售,住宅,一期：香洲区半岛六路,34000,8,1165
/first/2178/,https://img.0756fang.com/Upload/Dictionary/2021-09/s69C30FD560684F2C8D79AF6E9D54CA02.jpeg/w600,华发悦谷,不在售,住宅,高新区北城东四路28,27000,8,2178
/first/2106/,https://img.0756fang.com/Upload/Dictionary/2020-12/s2383318F2E8246FE97E4E428516DE2A1.jpg/w600,天地源上唐府,不在售,商办,高新区兴和西路68号,27000,8,2106
/first/2160/,https://img.0756fang.com/Upload/Dictionary/2021-06/s28104C1B91BE425A82678BD1B9E993BD.jpg/w600,仁恒河滨花园,不在售,住宅,科技创新海岸北围片区,31000,8,2160
/first/2243/,https://img.0756fang.com/Upload/Dictionary/2021-12/s4C6C5B62977B4BA0A837CA4602FCD2E1.jpg/w600,蓝湾智岛,不在售,商办,香洲区唐家湾镇蓝海巷,14300,8,2243
/first/1454/,https://img.0756fang.com/Upload/Dictionary/2020-04/s80A8272834F54EA6B1A99C2CEFA50392.jpg/w600,万科翡翠中央,不在售,住宅,翡玲苑：金业南路19,26000,8,1454
/first/34/,https://img.0756fang.com/Upload/Dictionary/2018-07/180721130503431BFED81E7846A39AB1.jpg/w600,格力海岸三期,不在售,住宅,香洲区云海路368号,45000,8,34
/first/1284/,https://img.0756fang.com/Upload/Dictionary/2019-05/793b90bb-9d18-4884-a659-65f9639eab81.png/w600,格力海岸五期,不在售,住宅,香洲区云海路99号 ,34000,8,1284
/first/1151/,https://img.0756fang.com/Upload/Dictionary/2020-04/s3EE48847F2524313A628E9F8DBCAC3DB.jpg/w600,泰盈玖悦湾,不在售,住宅,香洲区前岛环路118,36000,8,1151
/first/1355/,https://img.0756fang.com/Upload/Dictionary/2019-12/a5754669-891d-428e-a130-a7999dd10ebf.jpg/w600,招商雍华府,不在售,住宅,高新区新湾七路8号 ,25500,8,1355
/first/1272/,https://img.0756fang.com/Upload/Dictionary/2019-04/a9222134-a6f4-49b7-9af3-3619438b1672.jpg/w600,惠景畅园,不在售,住宅,高新区金尚路33号 ,21000,8,1272
/first/2110/,https://img.0756fang.com/Upload/Dictionary/2020-12/sAAFDA2D5590547C0A306564A838AC3F1.jpg/w600,凯旋盛景花园,不在售,住宅,高新区盛景街1号  ,26000,8,2110
/first/1286/,https://img.0756fang.com/Upload/Dictionary/2019-05/2a762245-f52a-476a-8486-f2cad4c61f5a.jpg/w600,惠景和园,不在售,住宅,高新区金盛路79号 ,24500,8,1286
/first/2109/,https://img.0756fang.com/Upload/Dictionary/2020-12/sF19C89F663C34FB99934219879788B45.png/w600,华润公元九里,不在售,住宅,高新区北城东一路33,26500,8,2109
/first/1453/,https://img.0756fang.com/Upload/Dictionary/2020-04/s0BB9937B5F764EA68D6F78C78253CB98.png/w600,万科第五园,不在售,住宅,高新区兴南路733号,26800,8,1453
/first/1324/,https://img.0756fang.com/Upload/Dictionary/2019-09/77e717e1-e686-44fe-8dfb-ecfcab5d1cce.jpg/w600,大德世贸广场,不在售,商办,香洲区新湾六路21号,21000,8,1324
/first/1224/,https://img.0756fang.com/Upload/Dictionary/2018-10/af7593d9-708e-473c-9a90-bd190064b7cb.png/w600,凤凰兰亭,不在售,住宅,高新区软件园路6号 ,24000,8,1224
/first/130/,https://img.0756fang.com/Upload/Dictionary/2018-04/c631f476-0596-4901-88c1-7ea021d5aa15.jpg/w600,华发蔚蓝公馆,不在售,住宅,香洲区情侣北金月路6,27000,8,130
/first/2158/,https://img.0756fang.com/Upload/Dictionary/2021-06/s09CB2C5E267942BFA4F347FEC95FD433.jpg/w600,正方云曦山,在售,住宅,香洲区和科路666号,25500,9,2158
/first/11/,https://img.0756fang.com/Upload/Dictionary/2017-09/72a836b4-3be1-45c4-963b-5851c64ab4c7.jpg/w600,海印又一城,在售,写字楼,香洲区海商三巷68号,13000,9,11
/first/2176/,https://img.0756fang.com/Upload/Dictionary/2021-09/s35F54B36440F4CDB9A3DF994FEEFF04B.jpg/w600,龙光玖榕湾,在售,住宅,香洲区珠海大道100,28000,9,2176
/first/2181/,https://img.0756fang.com/Upload/Dictionary/2021-09/s5EF64E4AD15C4311A62741C735217183.jpg/w600,绿景玺悦湾,在售,住宅,香洲区悦湾路66号(,36000,9,2181
/first/2148/,https://img.0756fang.com/Upload/Dictionary/2021-05/s5A7ED4D31CBB4BE6A0214E7E85A32C49.jpg/w600,洪湾河畔,在售,住宅,香洲区洪河路688号,21300,9,2148
/first/1279/,https://img.0756fang.com/Upload/Dictionary/2019-04/67dfc83a-793b-4915-a816-1d3a8356ca3d.jpg/w600,乐而居花园,在售,住宅,香洲区珠海大道106,27000,9,1279
/first/2120/,https://img.0756fang.com/Upload/Dictionary/2021-01/sD169760BBF414D56A513C47028FE04B1.png/w600,山水名苑,不在售,住宅,香洲区白鸽尾路23号,22000,9,2120
/first/2279/,https://img.0756fang.com/Upload/Dictionary/2022-10/sA88B4F80AF9D454DBB8AB7EA0043DC7D.jpg/w600,信悦湾大厦,不在售,商办,香洲区南湾北路31号,21000,9,2279
/first/2277/,https://img.0756fang.com/Upload/Dictionary/2022-09/s4EACE2A81ACE4EE896C3087437DFA348.jpg/w600,珠江秀谷广场,不在售,商办,香洲区秀谷路66号 ,11000,9,2277
/first/2167/,https://img.0756fang.com/Upload/Dictionary/2021-07/sDFB78E37838E4DDEA9D1B2DE9A2CDA25.jpg/w600,再生时代大厦,不在售,写字楼,香洲区屏北二路55号,23000,9,2167
/first/1271/,https://img.0756fang.com/Upload/Dictionary/2019-03/a508b765-729a-4c9e-8a2e-f45e45a1bad2.jpg/w600,碧桂园华发香洲府,不在售,住宅,香洲区水岸二路189,26000,9,1271
/first/1169/,https://img.0756fang.com/Upload/Dictionary/2018-06/8f74cd91-7dd1-40e5-a6ab-75ce1e3905bc.jpg/w600,绿湖山庄,不在售,住宅,香洲区珠海大道106,28500,9,1169
/first/7/,https://img.0756fang.com/Upload/Dictionary/2018-07/21d1df23-d31d-4557-80e3-fc54d4c60c90.png/w600,红树别院,不在售,住宅,香洲区屏湾一路168,39000,9,7
/first/2205/,https://img.0756fang.com/Upload/Fang/2021-11/s67A155C8CE4640C1B0333D9D196FAB8D.jpg/w600,中海寰宇天下,在售,住宅,珠海 &#183; 十字门商务,40000,10,2205
/first/2189/,https://img.0756fang.com/Upload/Dictionary/2021-10/sF770100C7DC442D4AD3316D8673662CF.jpg/w600,华发琴澳新城银景湾,在售,住宅,香洲区南湾南路292,37000,10,2189
/first/76/,https://img.0756fang.com/Upload/Dictionary/2019-11/5b6e3269-42cf-4d94-a916-d74730faad8b.jpg/w600,时代保利中环广场,在售,商铺,香洲区景秀四路499,35000,10,76
/first/2101/,https://img.0756fang.com/Upload/Dictionary/2021-10/sA86F7605E05C4E2BA5B0FEB8FAD4E552.jpg/w600,华发四季峰景,在售,住宅,香洲区景秀四路288,33000,10,2101
/first/2164/,https://img.0756fang.com/Upload/Dictionary/2021-06/s11B666A0C43E47A2ADB670E73E5A9AB2.jpg/w600,都会四季广场,在售,住宅,香洲区宝荣路181号,30000,10,2164
/first/1357/,https://img.0756fang.com/Upload/Dictionary/2020-01/aeb8cd38-ef97-4c3c-be3e-b83647bd781a.jpg/w600,双瑞藏珑湾,在售,住宅,香洲区沿海路188号,38000,10,1357
/first/2252/,https://img.0756fang.com/Upload/Dictionary/2022-04/sF2577EA1603C4786A714BA9C24103349.jpeg/w600,万科琴澳传奇,不在售,住宅,香洲区葡韵路105号,32000,10,2252
/first/97/,https://img.0756fang.com/Upload/Dictionary/2018-08/f93fd4e4-9953-47f6-bf45-e48a0beb1c16.jpg/w600,百家达国际广场,不在售,商办,香洲区宝湾路791号,9500,10,97
/first/40/,https://img.0756fang.com/Upload/Dictionary/2017-10/a70ef12d-792b-481c-aa2b-87ad138c6518.png/w600,华发琴澳新城国际海岸,不在售,住宅,香洲区湾仔景秀二路3,36000,10,40
/first/15/,https://img.0756fang.com/Upload/Dictionary/2019-12/58a7aa69-5eca-47fc-af4c-0afaa17b1b99.jpg/w600,天一居,不在售,住宅,香洲区湾仔南湾南路2,44000,10,15
/first/2025/,https://img.0756fang.com/Upload/Dictionary/2020-07/s8B697428CDB9484181FB8B78F541F25B.jpeg/w600,中海南航湾区国际,不在售,商办,香洲区海润四街69号,19000,10,2025
/first/63/,https://img.0756fang.com/Upload/Dictionary/2018-08/e6a095f0-c91f-439b-b258-8dd47fbe1a49.jpg/w600,朗廷广场 ,不在售,商办,香洲区宝顺路51号 ,28000,10,63
/first/1322/,https://img.0756fang.com/Upload/Dictionary/2019-09/81532c72-b382-41a8-b23e-63802b473138.jpg/w600,水岸华都悦港湾,不在售,住宅,香洲区江海路20号 ,31000,10,1322
/first/1275/,https://img.0756fang.com/Upload/Dictionary/2019-04/8cc32fa4-4fae-4955-bbdc-be6a37d2f424.jpg/w600,中保i立方,不在售,商办,珠海市香洲区（保税区,29500,10,1275
/first/135/,https://img.0756fang.com/Upload/Dictionary/2018-07/405bbedf-addc-45dd-b008-9ce2c5f76aa1.png/w600,泰禾中央广场,不在售,商办,珠海国际会展中心30,19000,10,135
/first/85/,https://img.0756fang.com/Upload/Dictionary/2017-12/976eb085-df3f-40e8-a2e7-39d86c62b12d.png/w600,奥园观山海,不在售,商办,香洲区宝利路99号 ,17000,10,85
/first/1341/,https://img.0756fang.com/Upload/Dictionary/2019-11/2a8abb0f-79a5-408f-815c-cfc8cda09c67.jpg/w600,奥园天悦广场,不在售,商办,香洲区宝恒路199号,24500,10,1341
/first/69/,https://img.0756fang.com/Upload/Dictionary/2017-10/73e08d6d-9195-4f78-9161-dccfbbf3b073.jpg/w600,湾区星座,不在售,商办,珠海市香洲区保税区 ,22000,10,69
/first/114/,https://img.0756fang.com/Upload/Dictionary/2018-03/074e4f7f-ea51-4675-b462-1d6425b56860.png/w600,横琴湾区1号,不在售,住宅,横琴新区兴盛五路19,45000,10,114
/first/1156/,https://img.0756fang.com/Upload/Dictionary/2018-05/cffc860e-558a-414d-a2c6-ebf0c0470a75.jpg/w600,富力优派广场,不在售,商办,保税区宝成路7号(2,23000,10,1156
/first/1240/,https://img.0756fang.com/Upload/Dictionary/2019-07/cc755808-ed4e-437f-ab08-ab278ca2f0bb.jpg/w600,星汉港湾国际,不在售,商办,宝盛路和宝汇路交汇处,23000,10,1240
/first/1222/,https://img.0756fang.com/Upload/Dictionary/2018-10/4f1acbb4-bcd3-4f3e-b39f-acc901fa7fda.png/w600,首座,不在售,商办,珠海保税区富林东路8,24000,10,1222
/first/20/,https://img.0756fang.com/Upload/Dictionary/2016-12/22364490-dd73-4215-a4f7-2c3b57ac2ece.jpg/w600,碧桂园濠月湾,不在售,住宅,香洲区沿海路98号 ,35000,10,20
/first/8/,https://img.0756fang.com/Upload/Dictionary/2017-10/05627c5d-33cb-4983-bce9-f1ae6d213878.jpg/w600,佳兆业中心,不在售,写字楼,珠海香洲湾仔南湾南路,23000,10,8
/first/14/,https://img.0756fang.com/Upload/Dictionary/2016-07/2a7ea581-45fc-47aa-9a3e-444261f0191d.jpg/w600,利是达星际广场,不在售,写字楼,中国&#183;珠海&#183;横琴大桥,36000,10,14
/first/2297/,https://img.0756fang.com/Upload/Dictionary/2023-03/sA7563E3BA6A041648CA2DEEA4A9D4496.jpg/w600,华发广场横琴荟,在售,住宅,横琴新区洋环路228,50000,11,2297
/first/1234/,https://img.0756fang.com/Upload/Dictionary/2018-11/d9554544-6b71-4640-a184-f7cd3d83ccf1.jpg/w600,龙光玖龙汇,在售,商办,香洲区宝汇路315号,12000,11,1234
/first/2244/,https://img.0756fang.com/Upload/Dictionary/2021-12/s089EDBEF93934B7DA29D4BA11D989A11.png/w600,华发广场横琴湾,在售,住宅,珠海市横琴新区富琴道,50000,11,2244
/first/2250/,https://img.0756fang.com/Upload/Dictionary/2022-02/s8BB579F87F7E4042B3AF710097D42E9F.jpg/w600,华发广场横琴府,在售,住宅,横琴新区荣港道158,50000,11,2250
/first/2282/,https://img.0756fang.com/Upload/Dictionary/2022-12/sA05B917BCDFF41C2B8F75C1E068A3FE3.png/w600,横琴创新方,在售,写字楼,横琴新区智水路88号,23000,11,2282
/first/1247/,https://img.0756fang.com/Upload/Dictionary/2018-12/783cb639-51ce-4bfd-9280-8621d7a3701b.jpg/w600,中冶逸璟公馆,在售,住宅,一期：横琴新区千禄道,58000,11,1247
/first/1300/,https://img.0756fang.com/Upload/Dictionary/2019-06/5d9ada20-b3c0-430d-abd3-5aafb9f8b290.jpg/w600,碧桂园臻湾国际,不在售,写字楼,香洲区宝桂巷16号 ,12000,11,1300
/first/1345/,https://img.0756fang.com/Upload/Dictionary/2019-11/51d44d61-d7b0-466c-8ee3-d914df9db014.png/w600,德国城,不在售,商办,横琴新区濠江路156,31000,11,1345
/first/1282/,https://img.0756fang.com/Upload/Dictionary/2019-04/1e46ea50-210c-4c4c-b13f-d79b27be0263.png/w600,方达成大厦,不在售,住宅,横琴新区荣粤道188,55000,11,1282
/first/81/,https://img.0756fang.com/Upload/Dictionary/2017-11/0b95253e-ba7c-49a6-a568-7f726d0cd19e.jpg/w600,华润万象世界,不在售,商办,一期：横琴新区彩霞街,25000,11,81
/first/1302/,https://img.0756fang.com/Upload/Dictionary/2019-06/15fc92ba-fe44-4e12-b6be-61e09a8a232f.jpg/w600,珠江国际金融中心,不在售,商办, 珠海市横琴北路及富,50000,11,1302
/first/1155/,https://img.0756fang.com/Upload/Dictionary/2020-11/sDAA3107A7EA24512ADFD4F44E7660275.jpg/w600,横琴华发广场,不在售,商办,悦琴湾：横琴新区都会,35000,11,1155
/first/1458/,https://img.0756fang.com/Upload/Dictionary/2020-05/s07AC564073C745A9AA1D363DC45330BB.jpg/w600,东西汇文艺广场,不在售,商办,横琴琴画街25号  ,33000,11,1458
/first/1185/,https://img.0756fang.com/Upload/Dictionary/2018-07/598e80dd-58c4-4957-a9cb-a1c45c60ca8c.jpg/w600,中国铁建大厦,不在售,写字楼,横琴新区荣珠道169,35000,11,1185
/first/2046/,https://img.0756fang.com/Upload/Dictionary/2020-09/sC1737330FC964E1F841828575E32EAB9.jpg/w600,横琴中葡商贸广场,不在售,商办,横琴新区濠江路258,39000,11,2046
/first/18/,https://img.0756fang.com/Upload/Dictionary/2016-06/c9cd6946-65c8-4148-9def-1b9a6a7d2c5f.jpg/w600,梧桐树大厦,不在售,写字楼,横琴新区琴海东路50,100000,11,18
/first/1198/,https://img.0756fang.com/Upload/Dictionary/2018-08/6154d8b1-afdd-408c-b066-19a679127bd3.png/w600,钜星汇商业广场,不在售,商铺,珠海横琴七色彩虹路6,130000,11,1198
/first/2014/,https://img.0756fang.com/Upload/Dictionary/2020-07/s4C1E08901D864156B67C2ADFBB6F47D2.png/w600,仁和横琴国际,不在售,商办,横琴新区三叠泉路99,33000,11,2014
/first/82/,https://img.0756fang.com/Upload/Dictionary/2017-12/ee8d0656-77e1-4825-8ff8-aeb4d4c78d59.png/w600,中冶盛世国际广场,不在售,商办,北塔：港澳大道163,42000,11,82
/first/1178/,https://img.0756fang.com/Upload/Dictionary/2018-07/6cd4fa86-70e6-42b7-8660-8fc580b9c249.png/w600,三一南方总部大厦,不在售,商办,横琴新区环岛东路32,40000,11,1178
/first/6/,https://img.0756fang.com/Upload/Dictionary/2016-06/714c0ed4-bb11-4f17-ac4b-909c015871c6.png/w600,富力中心,不在售,写字楼,横琴新区兴盛一路12,43000,11,6
/first/1179/,https://img.0756fang.com/Upload/Dictionary/2018-08/16d184ad-f812-41ec-b608-466a7981d46d.jpg/w600,龙光玖龙玺,不在售,住宅,横琴新区琴德路66号,53000,11,1179
/first/2168/,https://img.0756fang.com/Upload/Dictionary/2021-08/s4FAEEA40E0A94E189D7EF1F2AA63AA0A.jpg/w600,中青旅国际青年文化中心,不在售,商办,横琴 珠海市横琴新区,29000,11,2168
/first/13/,https://img.0756fang.com/Upload/Dictionary/2015-08/13bbd51c-b896-4ab4-afd3-49572952bcd8.jpg/w600,保利国际广场,不在售,写字楼,横琴新区琴朗路91号,35000,11,13
/first/1137/,https://img.0756fang.com/Upload/Dictionary/2018-04/edfe72b3-d4da-4e14-a357-60c42770c555.png/w600,融创财富中心,不在售,商住,横琴新区兴盛五路26,42000,11,1137
/first/1459/,https://img.0756fang.com/Upload/Dictionary/2020-05/sC78B4C29DC2F45C9B0F3D892FDE86A6A.jpg/w600,港珠澳供应链总部大厦,不在售,商办,横琴新区和祥街111,34000,11,1459
/first/1303/,https://img.0756fang.com/Upload/Dictionary/2019-06/38f44baf-3520-4365-b12e-5b836948e7ae.png/w600,碧桂园澳邻PARK,不在售,商办,横琴新区碧澳巷38号,30000,11,1303
/first/1343/,https://img.0756fang.com/Upload/Dictionary/2019-11/e794efea-53d6-4b29-a28c-8930688feb14.jpg/w600,永同昌时代广场,不在售,商办,横琴新区濠江路271,30000,11,1343
/first/103/,https://img.0756fang.com/Upload/Dictionary/2018-06/38596011-31f7-492d-b682-3ed9f08bba36.jpg/w600,华发悦府,不在售,住宅,横琴新区琴政路589,43000,11,103
/first/104/,https://img.0756fang.com/Upload/Dictionary/2018-03/fcfd6c3e-0dc3-4580-9ebb-473a0a2f083d.jpg/w600,华发悦天地,不在售,住宅,横琴新区濠江路101,33000,11,104
/first/2155/,https://img.0756fang.com/Upload/Dictionary/2021-06/s228153A378094DE18F241158A863E1CA.jpg/w600,粤海拾桂府,在售,住宅,金湾区泰熙街40号(,23000,12,2155
/first/2100/,https://img.0756fang.com/Upload/Dictionary/2020-11/sA9C1505E79414973B48B785D67767A9E.jpeg/w600,天樾峰公馆,在售,住宅,金湾区三灶镇祥业路2,14000,12,2100
/first/1455/,https://img.0756fang.com/Upload/Dictionary/2020-04/s92A550E1E4EF42F689A5EB5A23DDFA30.jpeg/w600,中国铁建国际城,在售,住宅,金湾区金飞路286号,25000,12,1455
/first/2134/,https://img.0756fang.com/Upload/Dictionary/2021-04/sDBC5B781898B461BB5A1693DE8C1D3AB.jpg/w600,卓越旭辉江屿海,在售,住宅,金湾区金河东路北侧 ,24000,12,2134
/first/28/,https://img.0756fang.com/Upload/Dictionary/2020-07/s8CF0BA6D5CC04E479B9EF5EBD743E217.jpg/w600,东方润园,在售,住宅,金湾区红旗镇虹晖一路,17500,12,28
/first/2173/,https://img.0756fang.com/Upload/Fang/2022-12/s3D44497101CE4EA5B75908AAE4464744.jpg/w600,中珠领域花苑,在售,住宅,金湾区顺达路318号,14500,12,2173
/first/2045/,https://img.0756fang.com/Upload/Dictionary/2020-09/s5536764DACED49459B56C1A877A5C6BB.jpg/w600,金湾宝龙城,在售,住宅,金湾区平湖路168号,18890,12,2045
/first/2090/,https://img.0756fang.com/Upload/Dictionary/2020-10/s60684269CBDA48ACABCEA2268DEA9032.png/w600,龙光海玥湾,在售,住宅,金湾区金河东路169,30000,12,2090
/first/2153/,https://img.0756fang.com/Upload/Dictionary/2021-06/s6A4E0B39B4AF40C58B574589A74E2E0B.png/w600,天沐公园里,在售,住宅,金湾区金海岸大道28,18500,12,2153
/first/1290/,https://img.0756fang.com/Upload/Dictionary/2019-05/5d3fbc40-5bc0-48bc-ac9a-e7c73de939bb.jpg/w600,忠信海畔湾居,在售,住宅,金湾区三灶镇金岛路1,14000,12,1290
/first/2256/,https://img.0756fang.com/Upload/Dictionary/2023-01/s9306848C39FA4051BCF01DE601C00A5A.png/w600,海伦堡玖悦珑湾,在售,住宅,金湾区农垦路688号,16500,12,2256
/first/1229/,https://img.0756fang.com/Upload/Dictionary/2018-10/97110281-2fe2-483e-9b56-5338312af3f6.png/w600,湖城大境,在售,商办,金湾区乐仪路44号、,8888,12,1229
/first/2044/,https://img.0756fang.com/Upload/Dictionary/2021-07/sDDE1D28EB9874F79B2F6C9633608A741.png/w600,万科海上城市,在售,住宅,金湾区三灶镇丹凤二路,22000,12,2044
/first/1269/,https://img.0756fang.com/Upload/Dictionary/2019-03/6d34fae4-9837-4472-83c6-24f7ad0ec4cb.png/w600,华发滨海半岛,在售,住宅,金湾区三灶镇山湖海路,26000,12,1269
/first/1298/,https://img.0756fang.com/Upload/Dictionary/2019-06/c2e3b032-1e27-4d0c-b480-ccda75d36701.jpg/w600,九洲保利天和,在售,住宅,一期：金湾区如茵路2,26000,12,1298
/first/2177/,https://img.0756fang.com/Upload/Dictionary/2021-09/s737FD3195D014E1FA9066F4D7C578CCA.png/w600,华发天茂国际半岛,在售,住宅,金湾区金辉路35号 ,25500,12,2177
/first/2073/,https://img.0756fang.com/Upload/Dictionary/2020-10/s52C28099832A4D149D47CC407A2EAC44.png/w600,展科花园,在售,住宅,金湾区红旗镇番怡路6,14000,12,2073
/first/23/,https://img.0756fang.com/Upload/Dictionary/2016-12/6e646db0-0561-46d0-a295-5a8e8c5adfc9.jpg/w600,龙光玖龙府,不在售,住宅,金湾区金鑫路398号,19000,12,23
/first/2179/,https://img.0756fang.com/Upload/Dictionary/2021-09/sDF9C5CBEC5E74DBC97CCF822C68DFE75.png/w600,天茂领航湾,不在售,住宅,金湾区金河东路699,26000,12,2179
/first/1238/,https://img.0756fang.com/Upload/Dictionary/2018-11/37784ea9-bfd9-41e5-b0ab-c4e7960c387e.jpg/w600,崇峰壹号院,不在售,住宅,金湾区金河东路280,34000,12,1238
/first/1350/,https://img.0756fang.com/Upload/Dictionary/2019-12/589145e6-4847-484c-a5b2-265aec1b4233.jpg/w600,海泉湾时光序,不在售,住宅,金湾区平沙镇海泉湾路,9500,12,1350
/first/1258/,https://img.0756fang.com/Upload/Dictionary/2016-07/23739d5f-bfb6-4ab9-8d22-60d5a0b4c88b.png/w600,麓景湾花园,不在售,住宅,金湾区三灶金海岸金岛,15000,12,1258
/first/1353/,https://img.0756fang.com/Upload/Dictionary/2019-12/a779eef7-ce9c-41a7-a428-16c881e42966.jpg/w600,融创云水观棠,不在售,住宅,金湾区金飞路69号(,24000,12,1353
/first/2029/,https://img.0756fang.com/Upload/Dictionary/2020-08/s835604DA27864DAF8903E3B73168E175.jpg/w600,旭日海岸,不在售,住宅,金湾区西湖城区金瀚路,21500,12,2029
/first/2186/,https://img.0756fang.com/Upload/Dictionary/2021-10/s31893BB93B7A4ED4ADFDFD3B51C16BCB.jpg/w600,佳源印象西湖,不在售,住宅,金湾区三灶镇湖景路2,18500,12,2186
/first/2123/,https://img.0756fang.com/Upload/Dictionary/2021-05/sBDCFCAFF75C546999C18A4660A9F203C.jpg/w600,城市博客公馆,不在售,住宅,金湾区红旗镇文华路9,23500,12,2123
/first/1471/,https://img.0756fang.com/Upload/Dictionary/2020-06/s87CE3B08199D412EB6AB30469A903FB0.png/w600,鹏瑞金玥湾,不在售,住宅,金湾区金河东路199,32000,12,1471
/first/2121/,https://img.0756fang.com/Upload/Dictionary/2021-01/s3A37C6894FF64B5CA3CDC7B08A249509.jpg/w600,畔山御海花园,不在售,住宅,金湾区三灶镇安基东路,17500,12,2121
/first/1462/,https://img.0756fang.com/Upload/Dictionary/2020-05/sDE7C746C274C40D5BFC0031FF875F7A1.jpg/w600,佳兆业金域都荟,不在售,住宅,金湾区南水镇金都二街,11500,12,1462
/first/21/,https://img.0756fang.com/Upload/Dictionary/2017-10/def56f5f-bdc2-4e25-8173-4d163e86edc9.jpg/w600,书香门邸,不在售,住宅,金湾区红旗镇藤荣路6,17500,12,21
/first/1340/,https://img.0756fang.com/Upload/Dictionary/2019-10/6f435604-db17-40d9-b0e9-bd34176a9681.jpg/w600,奥园天悦湾,不在售,住宅,一期：金湾区三灶镇丹,19500,12,1340
/first/1251/,https://img.0756fang.com/Upload/Dictionary/2018-12/87650442-6b45-44ad-9e3b-65046275f820.jpg/w600,天庆晋海岸,不在售,住宅,珠海市金湾区金海岸大,16800,12,1251
/first/1211/,https://img.0756fang.com/Upload/Dictionary/2018-09/abcffdc4-f2b0-4453-81f9-fb50c826bbac.jpg/w600,星河传奇,不在售,住宅,北区：金湾区星湾路1,23000,12,1211
/first/2163/,https://img.0756fang.com/Upload/Dictionary/2021-07/sF13649AC41744160AC57071B53D74183.jpg/w600,上筑雅居,不在售,住宅,金湾区红旗镇金宁路1,13000,12,2163
/first/24/,https://img.0756fang.com/Upload/Dictionary/2016-12/4cbe0c63-48af-471c-85a2-e58445542f02.jpg/w600,金地扑满花园三期,不在售,住宅,金湾区春晓路154号,15500,12,24
/first/2143/,https://img.0756fang.com/Upload/Dictionary/2016-09/e4c40fbf-0486-47cb-a362-015540a7c922.jpg/w600,时代港,不在售,商铺,平沙镇升平大道中60,25000,12,2143
/first/1245/,https://img.0756fang.com/Upload/Dictionary/2018-12/b58fd042-6181-49aa-bbb6-aa77b06d0fae.jpg/w600,愉翠龙湖,不在售,住宅,金湾红旗镇金荷路37,19500,12,1245
/first/118/,https://img.0756fang.com/Upload/Dictionary/2017-10/1a883a8b-3afb-42ad-81e8-0d73726fc1e3.jpg/w600,西湖怡景园,不在售,住宅,金湾区三灶镇金湖路6,16800,12,118
/first/1147/,https://img.0756fang.com/Upload/Dictionary/2018-04/25cbb223-0d3b-4cb8-b83a-4ff23f1af0a4.jpg/w600,信汇上品苑,不在售,住宅,金湾区三灶镇子矜街2,16800,12,1147
/first/67/,https://img.0756fang.com/Upload/Dictionary/2017-11/b2e1059f-a366-44f9-b42b-866f2faaea2c.jpg/w600,中海左岸岚庭,不在售,住宅,金湾区西湖城区山湖海,21000,12,67
/first/115/,https://img.0756fang.com/Upload/Dictionary/2018-03/6d93c6a3-bd66-4808-a27a-823ca0b47573.jpg/w600,中海湖畔岚庭,不在售,住宅,金湾区三灶镇虹阳路1,17000,12,115
/first/1262/,https://img.0756fang.com/Upload/Dictionary/2019-03/0d940974-2d73-4c87-9156-f0b598b848f8.jpg/w600,文德广场,不在售,住宅,珠海市平沙镇美平西路,12500,12,1262
/first/1291/,https://img.0756fang.com/Upload/Dictionary/2019-06/b8c972d6-d08a-42b6-9f19-aa6bd4e75bd9.jpg/w600,恒隆御雅园,不在售,住宅,金湾区金渠路189号,22000,12,1291
/first/1356/,https://img.0756fang.com/Upload/Dictionary/2019-12/8ff27e2d-094d-4f9f-af53-5ed4b797553e.jpg/w600,德泰华庭,不在售,住宅,金湾航空新城依云路1,23000,12,1356
/first/26/,https://img.0756fang.com/Upload/Dictionary/2017-08/5e3523a8-7f5e-476b-941c-283de76347e1.jpg/w600,同裕子悦山,不在售,住宅,珠海市金湾区机场西路,16000,12,26
/first/61/,https://img.0756fang.com/Upload/Dictionary/2017-10/1a2bd0bb-443e-43c3-b544-646b7b559916.jpg/w600,伟民花园,不在售,住宅,          ,8200,12,61
/first/2094/,https://img.0756fang.com/Upload/Dictionary/2020-11/s5A3367598C7B4A16B9350046E3D406B4.jpg/w600,湖心金茂悦,在售,住宅,斗门区腾晖路721号,16500,13,2094
/first/2154/,https://img.0756fang.com/Upload/Dictionary/2021-06/sF978C439C5864B97BD2801A0E25A2281.jpg/w600,鸿基岸芷汀兰,在售,住宅,斗门区白蕉路2588,10000,13,2154
/first/2104/,https://img.0756fang.com/Upload/Dictionary/2020-12/s79392C48FF2F444BAE1F00DD54C4C1E0.jpg/w600,复地星愉湾,在售,住宅,斗门区秀湖路333号,17000,13,2104
/first/1289/,https://img.0756fang.com/Upload/Dictionary/2019-05/dca88e05-94b0-41c4-90bd-dfa047d17e04.jpg/w600,学思雅筑苑,在售,住宅,斗门区五山大道666,10500,13,1289
/first/92/,https://img.0756fang.com/Upload/Dictionary/2015-11/03500027-973b-4655-81b9-d1a2b32488e3.jpg/w600,德昌盛景,在售,住宅,斗门区白藤七路101,17500,13,92
/first/2296/,https://img.0756fang.com/Upload/Dictionary/2023-03/s9CEEB7E9E0EB4A009B7A4781A348D686.jpeg/w600,广银畔山林语,在售,住宅,珠海市斗门区井岸镇机,9800,13,2296
/first/38/,https://img.0756fang.com/Upload/Dictionary/2017-07/d2fd5cc4-e03e-432e-95f5-1dd134c69b5f.jpg/w600,金碧丽江誉城花园,在售,住宅,斗门区白蕉镇永福二路,14200,13,38
/first/45/,https://img.0756fang.com/Upload/Dictionary/2016-11/c7dcc7be-9d38-4219-b2c3-e762dea515ab.jpg/w600,五洲东方墅,在售,住宅,斗门区井岸镇珠峰大道,15000,13,45
/first/2175/,https://img.0756fang.com/Upload/Dictionary/2021-09/s64F04385093C422EBC6D5B1FB64E5533.jpg/w600,湖心明悦花园,在售,住宅,斗门区藤桦路216号,15500,13,2175
/first/2228/,https://img.0756fang.com/Upload/Dictionary/2021-11/sA7F6B22E17DD4E83AD2146FE84E6F7B5.jpg/w600,方直西岸花园,在售,住宅,斗门区榕华四路66号,11000,13,2228
/first/1315/,https://img.0756fang.com/Upload/Dictionary/2019-08/79f79879-c4d6-40d2-ab63-535142662380.jpg/w600,金碧丽江东海岸,在售,住宅,斗门区藤达路1033,17500,13,1315
/first/1292/,https://img.0756fang.com/Upload/Dictionary/2019-05/4fbcb8b8-55f2-48c8-b872-6d14984b6b2a.jpg/w600,时代天韵花园,在售,住宅,斗门区白蕉镇同盛路1,11500,13,1292
/first/2270/,https://img.0756fang.com/Upload/Fang/2022-07/s4EE07089B7224B3CA0D1BCD31F495336.jpg/w600,星河湖山春晓花园,在售,住宅,斗门区乾务镇乾糖路6,9800,13,2270
/first/2127/,https://img.0756fang.com/Upload/Dictionary/2021-03/s4473010F89224C0B9554EC923C77A62F.jpg/w600,华德同裕璞樾,在售,住宅,璞樾花园博翠：斗门区,17500,13,2127
/first/2251/,https://img.0756fang.com/Upload/Dictionary/2022-02/s2A17FB26A923497CBB1FE9CA4C22EA29.png/w600,海伦堡玖悦云府,在售,住宅,斗门区翠湖路241号,13500,13,2251
/first/2129/,https://img.0756fang.com/Upload/Dictionary/2021-03/sE9CA813F03AA4C538C0A63AF16E89301.jpg/w600,五洲富山园,在售,住宅,斗门区富山十路266,8500,13,2129
/first/1259/,https://img.0756fang.com/Upload/Dictionary/2018-12/5f1f7422-2dd6-4cb2-aa79-875a58c3ef6a.jpg/w600,时代都荟大境,在售,住宅,斗门区群兴新村南路2,16000,13,1259
/first/77/,https://img.0756fang.com/Upload/Dictionary/2017-11/a736af12-57ec-43dc-8f5b-27f9233fcfb4.jpg/w600,恒裕江山汇,在售,住宅,斗门南湖路99号  ,17500,13,77
/first/2221/,https://img.0756fang.com/Upload/Dictionary/2021-11/s523944DEFFB846DA9F0F7B2D5FD4BF68.jpg/w600,湖心明荟花园,在售,住宅,斗门区藤安街229号,16500,13,2221
/first/1176/,https://img.0756fang.com/Upload/Dictionary/2018-08/bd600b1f-9f82-4d06-9c69-32c643dd22a7.jpg/w600,家和城,在售,住宅,一期：斗门区湖心路1,18000,13,1176
/first/1265/,https://img.0756fang.com/Upload/Dictionary/2019-03/1ea092eb-538c-450a-8cdb-3b4079373c64.jpg/w600,五洲家园,在售,住宅,斗门区湖心路1088,24000,13,1265
/first/2292/,https://img.0756fang.com/Upload/Fang/2022-12/s286D5AFCC9A5478FA608F23C17039254.jpg/w600,华发院子,在售,别墅,斗门区环郡路289号,60000,13,2292
/first/1351/,https://img.0756fang.com/Upload/Dictionary/2019-12/2bb182a7-37c0-4dff-9a4c-08978b135fdf.jpg/w600,融创云水观璟,在售,住宅,斗门区井岸镇长乐路3,10500,13,1351
/first/41/,https://img.0756fang.com/Upload/Dictionary/2020-10/sEA9E8886DEE1461480B37CD9C4550785.jpg/w600,华发又一城,在售,住宅,斗门区井岸镇水郡三路,13000,13,41
/first/2019/,https://img.0756fang.com/Upload/Dictionary/2020-07/s891B857124684E1E82C6934DA95E6C46.jpg/w600,建发悦玺花园,在售,住宅,斗门区逸秀街113号,16500,13,2019
/first/2126/,https://img.0756fang.com/Upload/Dictionary/2021-03/sEB65F6E301904E6E8FA7F709C0D889F8.jpg/w600,双子星大厦,在售,住宅,斗门区白蕉镇白蕉路2,11000,13,2126
/first/2185/,https://img.0756fang.com/Upload/Dictionary/2021-10/s0CD852333888482FBC600A5973EFB029.jpg/w600,恒隆御景,不在售,住宅,斗门区禾益五路88号,13000,13,2185
/first/1327/,https://img.0756fang.com/Upload/Dictionary/2019-09/47fe9329-35f0-4c94-a82c-90ab62043d44.jpg/w600,时代水岸,不在售,住宅,斗门区东堤路280号,12000,13,1327
/first/2135/,https://img.0756fang.com/Upload/Dictionary/2021-04/s8D5BD1CD94424E70A521F97F15A04988.png/w600,中铁建未来城,不在售,住宅,斗门区秀湖路832号,17000,13,2135
/first/2182/,https://img.0756fang.com/Upload/Dictionary/2021-10/s3B86F54A1FC04B5A9D1D2B27FB46C25E.jpg/w600,南光泊岸花园,不在售,住宅,斗门区翠湖路716号,20000,13,2182
/first/99/,https://img.0756fang.com/Upload/Dictionary/2018-07/ade36584-2ebb-4ab3-b473-59bbd1417d38.jpg/w600,招商依云水岸,不在售,商铺,斗门区白蕉镇东堤路6,20000,13,99
/first/1166/,https://img.0756fang.com/Upload/Dictionary/2018-06/65a22d6a-ca54-4d55-a36b-f9e0e32682e0.jpg/w600,中邦御珑湾,不在售,住宅,斗门区白蕉镇振邦路3,12000,13,1166
/first/79/,https://img.0756fang.com/Upload/Dictionary/2019-10/75047030-66a3-4a1d-baf6-e2cdfe192bda.jpg/w600,华发依山郡,不在售,住宅,斗门区龙胜路699号,9000,13,79
/first/2225/,https://img.0756fang.com/Upload/Dictionary/2022-04/s4293556E7CBA4C0596BB329CD70F7D5F.jpg/w600,建粤商务中心,不在售,商办,珠海珠峰大道以东，尖,12000,13,2225
/first/2144/,https://img.0756fang.com/Upload/Dictionary/2022-01/s579A124E556D4E4DAAFA19B141D03D0B.jpg/w600,时代倾城双生花,不在售,住宅,斗门区白蕉镇新环路7,14500,13,2144
/first/2061/,https://img.0756fang.com/Upload/Dictionary/2020-09/s5223BA0735F645CC94F7A30E41824083.jpg/w600,恒大滨江左岸,不在售,住宅,斗门区白藤九路113,14500,13,2061
/first/1142/,https://img.0756fang.com/Upload/Dictionary/2016-01/58fdabd8-3ebe-4740-bc76-80c8aaeaab41.jpg/w600,江南岸随园,不在售,住宅,斗门区白藤湖湖中路1,20000,13,1142
/first/36/,https://img.0756fang.com/Upload/Dictionary/2016-05/a835ef2c-dfd1-4ea5-969e-7a7d5112bb57.jpg/w600,东方威尼城,不在售,住宅,斗门区湖心路2223,13000,13,36
/first/2171/,https://img.0756fang.com/Upload/Dictionary/2021-08/s00229813A11246038B928D8D7E28A668.jpg/w600,奥园丽水湾居,不在售,住宅,斗门区井岸镇江湾中路,18800,13,2171
/first/1311/,https://img.0756fang.com/Upload/Dictionary/2019-07/7a60525b-864e-471e-8223-816b347b5632.jpg/w600,诚丰新园,不在售,住宅,斗门区湖心路1288,14000,13,1311
/first/131/,https://img.0756fang.com/Upload/Dictionary/2018-04/b927a3f9-0482-4049-8bd6-a5ae1c1c1cc7.jpg/w600,诚讳丽苑,不在售,住宅,斗门区白藤二路768,16800,13,131
/first/2021/,https://img.0756fang.com/Upload/Dictionary/2020-07/s6FAE12917CF84F699D4FC36151FB0D2C.jpg/w600,新力湾花园,不在售,住宅,斗门区珠峰大道303,12000,13,2021
/first/44/,https://img.0756fang.com/Upload/Dictionary/2016-10/52bb0a3d-724f-4ce5-8e69-71f11c31ba3d.jpg/w600,时代倾城(四期),不在售,住宅,斗门区白蕉镇胜利河路,14000,13,44
/first/2108/,https://img.0756fang.com/Upload/Dictionary/2020-12/s00DC77950D40494C92E07E42ED0F5F0E.jpg/w600,奥园丽景花园,不在售,住宅,斗门区井岸镇兆荣路1,16000,13,2108
/first/1159/,https://img.0756fang.com/Upload/Dictionary/2018-06/7bbef59b-8d8e-4e7d-b85d-b136f4e86089.jpg/w600,万威雅仕郡,不在售,住宅,斗门区连桥路529号,11900,13,1159
/first/2145/,https://img.0756fang.com/Upload/Dictionary/2016-10/19ca7b04-3699-46f6-8c69-df4f7a22d737.jpg/w600,时代香海彼岸,不在售,住宅,斗门区白藤九路36号,15200,13,2145
/first/1312/,https://img.0756fang.com/Upload/Dictionary/2019-07/45823daf-4992-47b2-b217-9faec4445f68.jpg/w600,建发玺园,不在售,住宅,珠海市斗门区湖心路2,20500,13,1312
/first/64/,https://img.0756fang.com/Upload/Dictionary/2017-10/ce11313a-1335-466a-97f9-171d54f6565e.jpg/w600,金地格林泊乐,不在售,住宅,斗门区白蕉镇虹桥三路,15500,13,64
/first/1456/,https://img.0756fang.com/Upload/Dictionary/2020-05/s6C2CF734BE7F4EFF9B51C9810F0100C5.jpg/w600,湖心公馆,不在售,住宅,斗门区翠湖路308号,24500,13,1456
/first/1347/,https://img.0756fang.com/Upload/Dictionary/2019-11/070e74b6-0050-4aa0-830e-3a175dacf8fc.jpg/w600,龙光玖龙山,不在售,住宅,斗门区霞峰路898号,12000,13,1347
/first/1467/,https://img.0756fang.com/Upload/Dictionary/2020-05/s9121EA4F9ED7415BB1AEA4D13B830A06.jpg/w600,富元广场,不在售,商住,斗门区河通路68号 ,16500,13,1467
/first/1468/,https://img.0756fang.com/Upload/Dictionary/2020-05/s3AF68E57B17B4BED9FA06669279D0FAF.jpg/w600,广银大都会,不在售,,斗门区乾务镇盛兴二路,9500,13,1468
/first/31/,https://img.0756fang.com/Upload/Dictionary/2017-07/5e853cef-00e5-478c-a171-2ec5c95332d4.jpg/w600,万威森林园,不在售,住宅,斗门区湖心路1133,17500,13,31
/first/98/,https://img.0756fang.com/Upload/Dictionary/2018-02/2eb795fb-f241-41d0-8a7f-bf256cc3c429.jpg/w600,龙光玖龙湖,不在售,住宅,斗门区白蕉路龙德巷3,12500,13,98
/first/1463/,https://img.0756fang.com/Upload/Dictionary/2020-05/s80F97EF58AD74B78B3535CE404C1085A.jpg/w600,旭日华府,不在售,住宅,斗门区城东白蕉路39,12000,13,1463
/first/1328/,https://img.0756fang.com/Upload/Dictionary/2019-09/83fa1129-82a3-4a0a-8418-51773e436736.jpg/w600,旭日华庭,不在售,住宅,斗门区湖南路625号,13500,13,1328
/first/1325/,https://img.0756fang.com/Upload/Dictionary/2019-09/4b2ba4d1-4948-46e7-8b46-415bf3b8c35a.jpg/w600,宁海尚峰(一期),不在售,住宅,斗门区井岸镇美澳路5,13800,13,1325
/first/1352/,https://img.0756fang.com/Upload/Dictionary/2019-12/9d92bc50-9c84-4076-a4eb-3223947d7ed7.jpg/w600,宁海世纪城三期,不在售,住宅,斗门区白蕉镇连兴二路,13000,13,1352
/first/1237/,https://img.0756fang.com/Upload/Dictionary/2018-11/cca17c68-25e6-460c-a841-16c1869e5eac.png/w600,佳兆业诚丰雅园,不在售,住宅,斗门区乾务镇盛兴二路,10500,13,1237
/first/1242/,https://img.0756fang.com/Upload/Dictionary/2019-05/5c8f2e4c-5655-427d-8fd8-35b7b28b4337.jpg/w600,佳兆业君汇上品,不在售,住宅,斗门区盛兴五路22号,11000,13,1242
/first/1192/,https://img.0756fang.com/Upload/Dictionary/2018-08/3e99a8ec-0974-4d5b-acfb-04b157fa158a.png/w600,海伦堡香海里,不在售,住宅,斗门区白蕉镇禾生一路,15300,13,1192
/first/1266/,https://img.0756fang.com/Upload/Dictionary/2019-03/46a432a2-ed71-47f3-ab6e-421ab9f87ff0.jpg/w600,万科魅力之城,不在售,商铺,斗门区白蕉镇白蕉南路,25000,13,1266
/first/1215/,https://img.0756fang.com/Upload/Dictionary/2018-09/056620ec-eb61-4196-a3e8-4ab74e65d930.jpg/w600,华海鹏城酒店,不在售,商办, 珠海市斗门区白蕉路,20000,13,1215
/first/2268/,https://img.0756fang.com/Upload/Fang/2022-07/sE899FB9D76B647E4A99FB4567FC5DDD2.jpeg/w600,京华家和花园,在售,住宅,金湾区庆平路669号,12500,14,2268
/first/1203/,https://img.0756fang.com/Upload/Dictionary/2021-05/sA2169CBB19E84F16AA4AC9AEDCF3E797.png/w600,京华假日湾,在售,住宅,A区：高栏港区平沙镇,11300,14,1203
/first/2187/,https://img.0756fang.com/Upload/Dictionary/2021-10/s76DC74577C434B42A35BC3F2C6E807DB.png/w600,华发汇华湾畔花园,在售,住宅,金湾区铭恩路599号,11200,14,2187
/first/2247/,https://img.0756fang.com/Upload/Dictionary/2022-01/sE62EB48C6FA045A4A0D0D247A2241EEB.jpg/w600,汇华水岸花园,在售,住宅,金湾区南水镇礼传路5,10700,14,2247
/first/2293/,https://img.0756fang.com/Upload/Fang/2023-02/s123A7733378F4F17BE57FB2BC731E9EA.jpg/w600,平沙上院,在售,住宅,金湾区平沙镇美平西路,12000,14,2293
/first/2053/,https://img.0756fang.com/Upload/Dictionary/2020-09/sAEB9AEDF50BA4EBA93515457674AE646.jpg/w600,天誉珠海湾,不在售,住宅,金湾区平沙镇邻善路2,10500,14,2053
/first/49/,https://img.0756fang.com/Upload/Dictionary/2017-08/7cacc682-3511-4a25-be2f-cd8dfbf34c6a.jpg/w600,平沙九号,不在售,住宅,一期：平沙升平大道2,13500,14,49
/first/2226/,https://img.0756fang.com/Upload/Fang/2021-11/s11C850099ED143E3A44747B8DEF81678.jpeg/w600,三一蓝海花园,不在售,住宅,金湾区平沙镇铭恩路3,11000,14,2226
/first/1313/,https://img.0756fang.com/Upload/Dictionary/2019-08/97b8b4e2-58d6-4d1c-86cb-49cd57722c68.jpg/w600,平沙九号广场,不在售,住宅,高栏港区平沙镇升平大,12500,14,1313
/first/37/,https://img.0756fang.com/Upload/Dictionary/2017-07/ef9fecfd-4bcc-4c54-a948-bd9b8d90ceda.jpg/w600,华府骏景,不在售,住宅,南港路328号   ,12000,14,37