photo,room_num,area,price,orientation,h_num,s_num
https://img.0756fang.com/Upload/Dictionary/2020-11/sD1FA3355A79D4B968AB029729CBE530F.jpg,1室0厅0卫,45.0㎡,33333元,南,0,2040
https://img.0756fang.com/Upload/Dictionary/2020-11/sA0DDBD7D4DB94A5695324098F3985D6A.jpg,2室0厅0卫,78.0㎡,33333元,东南,1,2040
https://img.0756fang.com/Upload/Dictionary/2020-11/s7C54DA30BAFB4E41A3C7C2822846A882.jpg,1室0厅0卫,40.0㎡,32500元,东,2,2040
https://img.0756fang.com/Upload/Dictionary/2020-11/sA2BA4DAA77304AC898C35B63EDF9A1DA.jpg,1室0厅0卫,41.0㎡,34146元,北,3,2040
https://img.0756fang.com/Upload/Dictionary/2020-12/sA247CB4DEE4E442AAB09F3CE3C09D879.jpg,4室2厅2卫,216.0㎡,40277元,东南,4,2040
https://img.0756fang.com/Upload/Dictionary/2020-12/s027601A992FF41DBB2D0AEBF936938C5.jpg,2室2厅1卫,109.0㎡,38440元,东,5,2040
https://img.0756fang.com/Upload/Dictionary/2020-12/sEAAAC439B2FB4906A9D9D2F71CD12618.jpg,3室2厅2卫,168.0㎡,40773元,东,6,2040
https://img.0756fang.com/Upload/Dictionary/2020-11/s35291AA41B5D4CEA80E76EA266F90D66.jpg,0室0厅0卫,38.0㎡,19736元,北,0,2096
https://img.0756fang.com/Upload/Dictionary/2021-10/202110211034243451.jpg,0室1厅1卫,38.0㎡,18421元,北,1,2096
https://img.0756fang.com/Upload/Dictionary/2021-10/202110230853166575.jpg,0室0厅0卫,152.0㎡,14802元,北,2,2096
https://img.0756fang.com/Upload/Dictionary/2019-07/8cd4e5a2-9ef9-4556-82fb-af0cad73e5a2.jpg,1室0厅0卫,155.0㎡,23225元,西南,0,1276
https://img.0756fang.com/Upload/Dictionary/2019-07/0114c019-fbc5-49f3-9b37-9a1174cce004.jpg,1室2厅1卫,53.0㎡,27735元,西北,1,1276
https://img.0756fang.com/Upload/Dictionary/2020-04/sEEC5F2A140784626A0B3ABB15C2AD444.jpg,4室2厅3卫,309.0㎡,61488元,东南,0,1246
https://img.0756fang.com/Upload/Dictionary/2020-04/s6FDDBF1315EA443DB01AC2CEC8C3D53C.jpg,5室2厅5卫,466.0㎡,64377元,东南,1,1246
https://img.0756fang.com/Upload/Dictionary/2020-04/sDB34B4F509474970B81A7DEDCE20DA48.jpg,4室2厅3卫,304.0㎡,59210元,东南,2,1246
https://img.0756fang.com/Upload/Dictionary/2020-04/sEBE9B73FE7624F04BA0F7ECC02037156.jpg,3室2厅3卫,317.0㎡,58359元,东南,3,1246
https://img.0756fang.com/Upload/Dictionary/2017-09/9a10fd99-8283-4cb6-a715-739ab75d594e.jpg,3室3厅3卫,367.0㎡,38964元,南,0,55
https://img.0756fang.com/Upload/Dictionary/2016-03/c8ac2488-30ff-4e5b-84d6-74076e2be431.jpg,6室3厅5卫,446.0㎡,45964元,南,1,55
https://img.0756fang.com/Upload/Dictionary/2016-03/71664a4e-2e57-4e50-ab29-a50f64fc4a17.jpg,6室4厅7卫,656.0㎡,45731元,南,2,55
https://img.0756fang.com/Upload/Dictionary/2020-06/s0126DD38549E479B831BB5E953C8EF38.jpg,2室2厅1卫,76.0㎡,35526元,东南,0,1474
https://img.0756fang.com/Upload/Dictionary/2020-06/s854667A6C5064167BBC570F31ED78666.jpg,2室2厅1卫,74.5㎡,35570元,北,1,1474
https://img.0756fang.com/Upload/Dictionary/2020-06/s7E556A26282B49D4A21F5CEF315BE8C1.jpg,2室2厅1卫,75.9㎡,36890元,南,2,1474
https://img.0756fang.com/Upload/Dictionary/2020-06/sE4F32B6CDC1C4A1191DCEE3B315FECDC.jpg,3室2厅2卫,107.0㎡,36448元,东,3,1474
https://img.0756fang.com/Upload/Dictionary/2019-07/6567c18f-2a5f-4787-bd7f-926efc88dc42.png,3室2厅2卫,109.0㎡,40366元,南,0,25
https://img.0756fang.com/Upload/Dictionary/2019-07/c0696d2a-d00a-4718-9867-9eab0efcfa4c.png,3室2厅2卫,128.0㎡,42968元,南北通,1,25
https://img.0756fang.com/Upload/Dictionary/2017-11/82f1155f-4e44-4710-b881-c909a3244102.png,3室2厅2卫,128.0㎡,41796元,南,2,25
https://img.0756fang.com/Upload/Dictionary/2017-11/6feabfb2-477b-4e1b-875f-efb8d7b36676.png,4室2厅2卫,138.0㎡,39855元,南北通,3,25
https://img.0756fang.com/Upload/Dictionary/2020-05/s0CA21540A1524F8EA6380B7ADA48DCAE.jpg,3室2厅2卫,115.3㎡,37467元,南,0,1460
https://img.0756fang.com/Upload/Dictionary/2020-05/s7F4161624EA940009491FCE5D78C030B.jpg,3室2厅2卫,97.6㎡,35348元,东北,1,1460
https://img.0756fang.com/Upload/Dictionary/2020-05/sD2FAB374F4FB45E5B5653D8553366249.jpg,3室2厅2卫,118.0㎡,36949元,南,2,1460
https://img.0756fang.com/Upload/Dictionary/2020-05/s853FBB0BD7FC45029391B49A8AACF446.jpg,1室1厅1卫,52.0㎡,28846元,南,3,1460
https://img.0756fang.com/Upload/Dictionary/2020-05/s853FBB0BD7FC45029391B49A8AACF446.jpg,2室1厅1卫,63.0㎡,26984元,北,4,1460
https://img.0756fang.com/Upload/Dictionary/2020-05/s853FBB0BD7FC45029391B49A8AACF446.jpg,1室1厅1卫,49.0㎡,28571元,南,5,1460
https://img.0756fang.com/Upload/Dictionary/2018-04/2a2c5c32-cb98-4c62-9610-637a102f5072.jpg,4室2厅2卫,128.4㎡,35046元,南北通,0,1140
https://img.0756fang.com/Upload/Dictionary/2019-05/6bcddd27-a732-4fef-9a57-9dd7d424ba76.jpg,3室2厅2卫,116.0㎡,37931元,东南,0,1288
https://img.0756fang.com/Upload/Dictionary/2020-04/sD1E79EBA81C448098242179438CDEE45.jpg,4室2厅2卫,155.0㎡,35483元,北,1,1288
https://img.0756fang.com/Upload/Dictionary/2020-06/s28E5D2F458B84E229D8B38C2A1FEE16D.jpeg,5室2厅3卫,325.0㎡,30769元,南北通,2,1288
https://img.0756fang.com/Upload/Dictionary/2020-06/s4E2553ECC4D94955890AB5B99560F4D2.jpeg,5室2厅3卫,296.0㎡,33783元,西南,3,1288
https://img.0756fang.com/Upload/Dictionary/2020-06/s65C72F6ED9A54EAFAD9EA9865F5F9EF2.jpeg,4室2厅3卫,221.0㎡,27149元,南,4,1288
https://img.0756fang.com/Upload/Dictionary/2021-03/s9869CC9C6ED845FA8357267E5242C64F.jpg,4室2厅2卫,172.0㎡,36046元,南北通,5,1288
https://img.0756fang.com/Upload/Dictionary/2021-05/s82090F982F8C43BAADFEE2832B4AA170.jpg,5室2厅5卫,345.0㎡,62028元,南北通,0,2146
https://img.0756fang.com/Upload/Dictionary/2021-05/sD5480D465A984BBBB578A4C9A5501E31.jpg,3室2厅3卫,241.0㎡,60000元,南北通,1,2146
https://img.0756fang.com/Upload/Dictionary/2021-05/s32563967584841B9A986509F7371F121.jpg,4室2厅4卫,302.0㎡,59602元,南北通,2,2146
https://img.0756fang.com/Upload/fyEstate/14020410140553CBBF3B1B7FABDA5782.jpg,5室2厅3卫,218.0㎡,45871元,东南,0,2147
https://img.0756fang.com/Upload/fyEstate/140204101516059EA9CAC49FE2725427.jpg,5室3厅3卫,227.0㎡,51982元,南,1,2147
https://img.0756fang.com/Upload/Dictionary/2018-03/a3bb3fbe-cd68-440f-934d-eaec8df5507e.jpg,3室3厅3卫,103.0㎡,30097元,东,0,71
https://img.0756fang.com/Upload/Dictionary/2018-03/a3bb3fbe-cd68-440f-934d-eaec8df5507e.jpg,4室3厅2卫,114.0㎡,28947元,北,1,71
https://img.0756fang.com/Upload/Dictionary/2018-03/e6af0f2a-15df-42e1-a021-004d2247a430.jpg,4室4厅4卫,152.0㎡,29605元,南,2,71
https://img.0756fang.com/Upload/Dictionary/2019-09/2ba92aca-f435-49c6-970a-bd651c2ba4a2.jpg,2室1厅1卫,53.5㎡,26168元,北,0,1329
https://img.0756fang.com/Upload/Dictionary/2019-09/2ba92aca-f435-49c6-970a-bd651c2ba4a2.jpg,1室1厅2卫,55.3㎡,27124元,南,1,1329
https://img.0756fang.com/Upload/Dictionary/2019-09/2ba92aca-f435-49c6-970a-bd651c2ba4a2.jpg,3室2厅2卫,72.5㎡,27586元,南,2,1329
https://img.0756fang.com/Upload/Dictionary/2020-09/sC9ABEE6C42374AB7827CC952E6E1E739.png,4室2厅2卫,124.0㎡,34274元,南北通,0,2055
https://img.0756fang.com/Upload/Dictionary/2020-12/4849D35060B24CC6BF153A0CF013CC87.jpeg,3室2厅2卫,112.0㎡,35714元,南北通,1,2055
https://img.0756fang.com/Upload/Dictionary/2020-12/D6E592052F774809819188794833CDA2.jpeg,4室2厅2卫,133.0㎡,36090元,南北通,2,2055
https://img.0756fang.com/Upload/Dictionary/2020-12/62C7FE44AF194978B5D0854CCDD297A8.jpeg,3室2厅2卫,107.0㎡,31775元,南,3,2055
https://img.0756fang.com/Upload/Dictionary/2020-09/s42ACE6CA586740C4B7BA770E1E966CF9.png,3室2厅2卫,92.5㎡,35135元,南北通,4,2055
https://img.0756fang.com/Upload/Dictionary/2019-10/29e2cf0f-7364-47e0-ad7b-bb1108aca875.jpg,4室2厅5卫,218.0㎡,35779元,南北通,0,1339
https://img.0756fang.com/Upload/Dictionary/2019-10/55c5e5a7-04bb-4926-b9cc-9f0fb07e4995.jpg,3室2厅3卫,233.0㎡,42918元,南北通,1,1339
https://img.0756fang.com/Upload/Dictionary/2019-10/629e048d-f13f-4036-953e-6bd109c9fe77.jpg,6室3厅4卫,196.0㎡,47346元,南北通,2,1339
https://img.0756fang.com/Upload/Dictionary/2019-10/14338e32-64b0-469b-a681-5272a5ed5a99.jpg,6室3厅4卫,196.0㎡,47346元,南北通,3,1339
https://img.0756fang.com/Upload/Dictionary/2019-10/111f8b36-e7cf-4787-9ffb-f7310d6d4c19.jpg,6室3厅4卫,196.0㎡,47346元,南北通,4,1339
https://img.0756fang.com/Upload/Dictionary/2019-10/629e048d-f13f-4036-953e-6bd109c9fe77.jpg,6室3厅4卫,196.0㎡,47346元,南北通,5,1339
https://img.0756fang.com/Upload/Dictionary/2019-10/b255edd7-afb0-4d5b-9e0e-4ea88a30e38b.jpg,6室3厅4卫,196.0㎡,47346元,南北通,6,1339
https://img.0756fang.com/Upload/Dictionary/2019-07/6dacc2cb-5b9c-406e-bb0a-9e1c4883baa3.jpg,6室5厅5卫,350.0㎡,54285元,南北通,0,1307
https://img.0756fang.com/Upload/Dictionary/2019-07/b5ee253c-1d0d-4c02-9458-3b46fc3b24d4.jpg,6室5厅5卫,350.0㎡,54285元,南北通,1,1307
https://img.0756fang.com/Upload/Dictionary/2019-07/51ed10cb-09f9-4127-88fe-bcc6630ea733.jpg,6室5厅5卫,350.0㎡,54285元,南北通,2,1307
https://img.0756fang.com/Upload/Dictionary/2019-07/059042ab-6f9b-4227-be12-6ef35aff089b.jpg,6室5厅5卫,350.0㎡,54285元,南北通,3,1307
https://img.0756fang.com/Upload/Dictionary/2019-07/910991c0-58a5-433e-909d-5690176a7133.jpg,6室5厅5卫,350.0㎡,54285元,南北通,4,1307
https://img.0756fang.com/Upload/Dictionary/2018-09/ffa109de-0e55-49dc-821c-b6f1fa188c17.jpg,4室2厅3卫,140.0㎡,39285元,南北通,0,1141
https://img.0756fang.com/Upload/Dictionary/2018-05/839308ff-026c-4401-a772-fe0d428a6e63.jpg,4室2厅3卫,142.0㎡,38380元,南北通,1,1141
https://img.0756fang.com/Upload/Dictionary/2020-04/s408620D8D2254A4DBCD82084AC094E67.jpg,3室2厅2卫,128.4㎡,32087元,南,2,1141
https://img.0756fang.com/Upload/Dictionary/2019-07/bf368836-4528-4269-a0bd-fec5fcd6e2c7.jpg,5室2厅4卫,253.0㎡,35573元,南北通,0,1304
https://img.0756fang.com/Upload/Dictionary/2020-04/s4B9E37725DCD45DE87C55089D6D94943.jpg,3室2厅2卫,89.0㎡,34831元,南,0,1267
https://img.0756fang.com/Upload/Dictionary/2020-03/sD1E757B5B0B14853A94712E028788117.jpg,3室2厅2卫,93.0㎡,32258元,南,1,1267
https://img.0756fang.com/Upload/Dictionary/2020-03/s6736F450765942108E76EBB29A6BD90A.jpg,4室2厅2卫,136.0㎡,31985元,南北通,2,1267
https://img.0756fang.com/Upload/Dictionary/2020-08/s3553D1576EB44D75BA6DA357FCE2D870.jpeg,1室1厅1卫,48.0㎡,27083元,南,0,1472
https://img.0756fang.com/Upload/Dictionary/2020-08/s03EE05797E0F47D48367013118C2CE91.jpeg,1室1厅1卫,64.0㎡,24218元,南,1,1472
https://img.0756fang.com/Upload/fyEstate/130119144425873686132C3FC6180345.jpg,5室2厅3卫,185.0㎡,45297元,东,0,2077
https://img.0756fang.com/Upload/fyEstate/130119144425873686132C3FC6180345.jpg,4室2厅3卫,188.0㎡,42553元,南北通,1,2077
https://img.0756fang.com/Upload/Dictionary/2020-08/s551AA111FC784773B1A4C7600D4318D5.jpeg,4室2厅2卫,151.0㎡,35430元,南北通,0,2037
https://img.0756fang.com/Upload/Dictionary/2021-10/202110240217020175.jpeg,3室1厅1卫,48.0㎡,25000元,南,0,2072
https://img.0756fang.com/Upload/Dictionary/2021-10/202110240217176316.jpeg,2室1厅1卫,36.0㎡,24444元,北,1,2072
https://img.0756fang.com/Upload/Dictionary/2020-11/sDB06407ED9774E83BEA5AAD665BCE543.jpg,4室2厅3卫,161.2㎡,34119元,南,0,1332
https://img.0756fang.com/Upload/Dictionary/2021-10/202110161233044212.jpg,4室2厅3卫,125.0㎡,38960元,南,0,2184
https://img.0756fang.com/Upload/Dictionary/2021-10/202110161236141720.jpg,4室2厅3卫,143.0㎡,40209元,南,1,2184
https://img.0756fang.com/Upload/Dictionary/2017-09/e7be7e88-cd12-4f60-8cd0-fcd831f42b49.png,1室1厅0卫,0㎡,0元,南,0,29
https://img.0756fang.com/Upload/Dictionary/2019-09/17b809ef-0917-421e-9539-b4701e4a92e0.jpg,2室2厅1卫,68.0㎡,32352元,南,0,1297
https://img.0756fang.com/Upload/Dictionary/2021-07/s5FFFDBB3BF3C49788F04CC4A7BCEE8BA.jpg,3室1厅1卫,77.0㎡,37012元,东,0,2169
https://img.0756fang.com/Upload/Dictionary/2021-07/s578DAA25D5F747AD894DF2EAE6024FAB.jpg,3室2厅2卫,88.0㎡,36931元,南,1,2169
https://img.0756fang.com/Upload/Dictionary/2021-07/s2C8121C1417D4DF4A28B054F49DF551D.jpg,4室2厅2卫,99.0㎡,39393元,南北通,2,2169
https://img.0756fang.com/Upload/Dictionary/2021-07/sFDA582381CC74E7D98F4475CF41B6ED3.jpg,4室2厅2卫,125.0㎡,38400元,南北通,3,2169
https://img.0756fang.com/Upload/Dictionary/2021-07/s1BE825630E524039A78F9E0CC068C391.jpg,2室2厅1卫,86.0㎡,30232元,西南,0,2170
https://img.0756fang.com/Upload/Dictionary/2021-07/s1DB8094413414F48936EAE61A0AAF8E4.jpg,4室2厅2卫,91.0㎡,30219元,东南,1,2170
https://img.0756fang.com/Upload/Dictionary/2021-07/sC092526FE6AC492C97E24D5021C00190.jpg,4室2厅2卫,138.0㎡,30434元,南北通,2,2170
https://img.0756fang.com/Upload/Dictionary/2021-07/s4A7B8F41C654468EA6D144A0943ACFF1.jpg,3室2厅1卫,89.0㎡,30337元,西南,3,2170
https://img.0756fang.com/Upload/Dictionary/2020-08/sE1B7788975DB4CFE8BA9A1BB26D34B93.jpeg,3室2厅1卫,90.0㎡,26666元,南,0,2034
https://img.0756fang.com/Upload/Dictionary/2020-08/sDC65A9564ADC4096AECEABAEF3F58E7F.jpeg,3室2厅1卫,90.0㎡,26666元,南,1,2034
https://img.0756fang.com/Upload/Dictionary/2020-08/s84912274ACCA44139DCDF93DA36ED264.jpeg,2室2厅1卫,64.0㎡,26562元,南,2,2034
https://img.0756fang.com/Upload/Dictionary/2021-06/sDB6E262350E2497AA512112D6D8777E5.jpg,4室2厅2卫,135.0㎡,34074元,南北通,3,2034
https://img.0756fang.com/Upload/Dictionary/2021-06/s9262F93F4E984F3BB4D250171B619086.jpg,4室2厅3卫,165.0㎡,34545元,南北通,4,2034
https://img.0756fang.com/Upload/Dictionary/2018-04/08c6d11d-4bd7-4232-8586-e3d3067839de.jpg,3室2厅2卫,98.2㎡,29124元,东南,0,1150
https://img.0756fang.com/Upload/Dictionary/2021-05/s250143E22FA042E0B64CE9DFD6A83C6C.jpg,3室2厅2卫,119.5㎡,36317元,南,0,2142
https://img.0756fang.com/Upload/Dictionary/2021-05/s2976ABA6329C449F9AE86B1F16B1F0ED.jpg,3室2厅2卫,125.4㎡,36363元,南,1,2142
https://img.0756fang.com/Upload/Dictionary/2018-02/38bacc5d-3a98-4238-b97c-c85fdc1befaa.jpg,3室2厅1卫,93.0㎡,31935元,南,0,100
https://img.0756fang.com/Upload/Dictionary/2018-02/38bacc5d-3a98-4238-b97c-c85fdc1befaa.jpg,3室2厅2卫,88.0㎡,31931元,东北,1,100
https://img.0756fang.com/Upload/Dictionary/2018-02/85f48123-4617-434a-b36f-682832c300b9.jpg,4室2厅2卫,107.0㎡,31962元,南,2,100
https://img.0756fang.com/Upload/Dictionary/2021-04/sB579A9CAC8F149FA98A0B3F91FA4D055.png,2室2厅2卫,111.0㎡,25225元,南,0,2138
https://img.0756fang.com/Upload/Dictionary/2018-03/a842b24a-b3a8-4ba3-8f76-7b838385ae66.jpg,1室0厅0卫,16.0㎡,75000元,南,0,127
https://img.0756fang.com/Upload/Dictionary/2018-03/a842b24a-b3a8-4ba3-8f76-7b838385ae66.jpg,1室0厅0卫,25.0㎡,84000元,南,1,127
https://img.0756fang.com/Upload/Dictionary/2016-08/b01d77a6-59b6-40ff-9b22-6ab21c5b359c.png,1室1厅1卫,0㎡,0元,南,0,17
https://img.0756fang.com/Upload/fyEstate/160410151910E9B06FDFF80F52E4E9A8.jpg,0室0厅0卫,0㎡,0元,,0,2254
https://img.0756fang.com/Upload/fyEstate/1604101520301711F399EC9D5C54F43F.jpg,0室0厅0卫,0㎡,0元,,1,2254
https://img.0756fang.com/Upload/fyEstate/1604101519493812DE52BFBDB5693D6A.jpg,0室0厅0卫,0㎡,0元,,2,2254
https://img.0756fang.com/Upload/fyEstate/16041015195975FC4399165D666389D7.jpg,0室0厅0卫,0㎡,0元,,3,2254
https://img.0756fang.com/Upload/fyEstate/160410152010B601DAE69758EB242D76.jpg,0室0厅0卫,0㎡,0元,,4,2254
https://img.0756fang.com/Upload/fyEstate/1604101520202C82B5DA3C63ED2DF01A.jpg,0室0厅0卫,0㎡,0元,,5,2254
https://img.0756fang.com/Upload/fyEstate/1604101520301711F399EC9D5C54F43F.jpg,0室0厅0卫,0㎡,0元,,6,2254
https://img.0756fang.com/Upload/fyEstate/1604101520410C6D8C6FEBA97D031AFA.jpg,0室0厅0卫,0㎡,0元,,7,2254
https://img.0756fang.com/Upload/Dictionary/2017-03/d5b4cca4-c8c7-4db0-9167-687cf71943ef.jpg,1室1厅1卫,61.0㎡,28852元,南,0,42
https://img.0756fang.com/Upload/Dictionary/2021-08/s256BFBFF59B34484B5F1FED9D19F5920.jpg,0室0厅1卫,45.0㎡,31111元,东,0,2140
https://img.0756fang.com/Upload/Dictionary/2021-08/sCC476CF062B745BCAA862046EEB59B70.jpg,0室0厅1卫,75.0㎡,30000元,东南,1,2140
https://img.0756fang.com/Upload/Dictionary/2021-08/sDCE8525EB0F64821B93ED41B25F964CA.jpg,0室0厅1卫,60.0㎡,29666元,东,2,2140
https://img.0756fang.com/Upload/Dictionary/2021-08/s795C22B1A95A4E00A907329CC4C0D114.jpg,0室0厅0卫,0㎡,0元,,3,2140
https://img.0756fang.com/Upload/Dictionary/2021-07/sF9D080EC9C4649C1A3DEABFCD9980AC3.jpg,2室2厅1卫,78.2㎡,28516元,西,0,2166
https://img.0756fang.com/Upload/Dictionary/2021-07/sD6BFA9CB656840C3859B8F196685F92C.jpg,3室2厅2卫,103.8㎡,25529元,北,1,2166
https://img.0756fang.com/Upload/Dictionary/2022-06/202206210641224884.jpeg,4室2厅2卫,132.0㎡,25757元,南,2,2166
https://img.0756fang.com/Upload/Dictionary/2021-10/202110240415251713.jpg,0室0厅0卫,31.0㎡,28064元,南,3,2166
https://img.0756fang.com/Upload/Dictionary/2022-10/202210240121431355.png,2室2厅1卫,67.0㎡,23880元,南,0,2283
https://img.0756fang.com/Upload/Dictionary/2022-10/202210240335007363.png,3室2厅1卫,76.0㎡,23684元,南,1,2283
https://img.0756fang.com/Upload/Dictionary/2022-10/202210240335201161.jpg,3室2厅2卫,89.0㎡,20224元,南,2,2283
https://img.0756fang.com/Upload/Dictionary/2022-10/202210240335375078.jpg,3室2厅2卫,95.0㎡,23684元,南,3,2283
https://img.0756fang.com/Upload/Dictionary/2022-10/202210240336597018.png,4室2厅2卫,98.0㎡,2397元,南,4,2283
https://img.0756fang.com/Upload/Dictionary/2022-10/202210240338203226.jpg,5室2厅2卫,125.0㎡,24000元,南北通,5,2283
https://img.0756fang.com/Upload/Dictionary/2023-03/202303240144380610.jpg,3室2厅2卫,87.0㎡,20114元,东南,0,2300
https://img.0756fang.com/Upload/Dictionary/2023-03/202303240148420150.jpg,4室2厅2卫,107.0㎡,21495元,南北通,1,2300
https://img.0756fang.com/Upload/Dictionary/2023-03/202303240149515021.jpg,3室2厅2卫,94.0㎡,21276元,南北通,2,2300
https://img.0756fang.com/Upload/Dictionary/2023-03/202303240151011604.png,3室2厅2卫,87.0㎡,20114元,东南,3,2300
https://img.0756fang.com/Upload/Dictionary/2022-11/202211070958446312.jpg,3室2厅2卫,192.0㎡,31250元,南,0,1214
https://img.0756fang.com/Upload/Dictionary/2021-09/210927105713A4BF1F080E0E4660B9FB.jpg,3室2厅2卫,300.0㎡,43333元,南北通,1,1214
https://img.0756fang.com/Upload/Dictionary/2021-09/21092710571467D6DE75036049A8AAD0.jpg,3室2厅3卫,230.0㎡,39565元,南北通,2,1214
https://img.0756fang.com/Upload/Dictionary/2021-10/202110180940481842.jpg,2室2厅1卫,57.0㎡,29824元,西,0,2188
https://img.0756fang.com/Upload/Dictionary/2021-10/202110200944455600.jpg,2室2厅1卫,72.0㎡,29166元,西,1,2188
https://img.0756fang.com/Upload/Dictionary/2021-10/202110200943173718.jpg,3室2厅2卫,100.0㎡,38000元,南,2,2188
https://img.0756fang.com/Upload/Dictionary/2021-10/202110200958238751.jpg,3室2厅1卫,94.0㎡,32978元,东,3,2188
https://img.0756fang.com/Upload/Dictionary/2018-07/ece44f18-6670-43f3-9a38-ac23afe5648e.jpg,6室4厅3卫,210.0㎡,85714元,南北通,0,1186
https://img.0756fang.com/Upload/Dictionary/2018-07/55fa8768-fd67-41d6-84ba-2ac5e6640f46.jpg,6室5厅5卫,230.0㎡,86956元,南北通,1,1186
https://img.0756fang.com/Upload/Dictionary/2021-07/s4A1361F6037647A3B842A70B5AE35815.jpg,3室2厅1卫,86.0㎡,30232元,南,0,2162
https://img.0756fang.com/Upload/Dictionary/2021-07/s48CC07FE40E142068599AC2186F3CCD6.jpg,3室2厅2卫,98.0㎡,30408元,南,1,2162
https://img.0756fang.com/Upload/Dictionary/2021-07/s0DA0CC6CE0344DA0A9FEBE2E43894103.jpg,2室2厅1卫,69.0㎡,30434元,西,2,2162
https://img.0756fang.com/Upload/Dictionary/2021-07/s4A1361F6037647A3B842A70B5AE35815.jpg,3室2厅1卫,89.0㎡,29213元,东,3,2162
https://img.0756fang.com/Upload/Dictionary/2020-12/sB77A22A711DB43DB9ED453FB051A572D.jpg,3室2厅2卫,114.0㎡,30701元,南,0,2112
https://img.0756fang.com/Upload/Dictionary/2020-12/sCA9E1444C493472DA00044A533C02389.jpg,3室2厅2卫,129.3㎡,33488元,南,1,2112
https://img.0756fang.com/Upload/Dictionary/2022-05/202205011106558681.jpg,3室2厅2卫,96.0㎡,27083元,南,0,2261
https://img.0756fang.com/Upload/Dictionary/2022-05/202205011110134781.jpg,4室2厅2卫,115.0㎡,30956元,东南,1,2261
https://img.0756fang.com/Upload/Dictionary/2022-05/202205011112465272.jpg,4室2厅2卫,142.0㎡,30985元,南北通,2,2261
https://img.0756fang.com/Upload/Dictionary/2021-10/21100210124179A61578FD5F4AE89058.jpg,4室2厅2卫,132.0㎡,29545元,南北通,0,2183
https://img.0756fang.com/Upload/Dictionary/2021-10/211002101241AECA985BCE2045D8A843.jpg,3室2厅2卫,116.0㎡,28965元,南北通,1,2183
https://img.0756fang.com/Upload/Dictionary/2021-10/211002101823F8BD34B3E7114C1B8262.jpg,3室2厅2卫,97.0㎡,34020元,南北通,2,2183
https://img.0756fang.com/Upload/Dictionary/2022-10/202210030531308000.jpg,1室1厅1卫,32.3㎡,29411元,东,0,2281
https://img.0756fang.com/Upload/Dictionary/2022-10/202210030538304625.jpg,1室1厅1卫,44.6㎡,29596元,西,1,2281
https://img.0756fang.com/Upload/Dictionary/2022-10/202210030538304625.jpg,2室1厅1卫,51.5㎡,29126元,南,2,2281
https://img.0756fang.com/Upload/Dictionary/2022-10/202210030541216520.jpg,3室1厅1卫,65.8㎡,26595元,东,3,2281
https://img.0756fang.com/Upload/Dictionary/2022-10/202210030544497760.jpg,3室2厅1卫,71.0㎡,30281元,东,4,2281
https://img.0756fang.com/Upload/Dictionary/2022-10/202210030547567816.jpg,3室2厅1卫,87.5㎡,32000元,南,5,2281
https://img.0756fang.com/Upload/Dictionary/2022-10/202210030554398804.jpg,3室2厅2卫,103.5㎡,31400元,南,6,2281
https://img.0756fang.com/Upload/Dictionary/2021-06/s7E42B6F36D304418BFBC890A218184E6.jpg,2室2厅1卫,66.0㎡,30303元,南,0,2159
https://img.0756fang.com/Upload/Dictionary/2021-06/sE22864D1A91C43CAB4139AF580AF722B.jpg,3室2厅1卫,82.0㎡,25609元,南,1,2159
https://img.0756fang.com/Upload/Dictionary/2022-04/202204090415007270.jpg,3室2厅2卫,89.0㎡,31235元,南,0,2258
https://img.0756fang.com/Upload/Dictionary/2022-04/202204090417356021.jpg,4室2厅2卫,105.0㎡,26666元,南北通,1,2258
https://img.0756fang.com/Upload/Dictionary/2022-04/202204091250192408.jpg,3室2厅2卫,89.0㎡,25280元,西南,0,2248
https://img.0756fang.com/Upload/Dictionary/2022-04/202204091256186625.jpg,4室2厅2卫,99.0㎡,26262元,南,1,2248
https://img.0756fang.com/Upload/Dictionary/2022-04/202204090101352770.jpg,3室2厅1卫,79.0㎡,25316元,南,2,2248
https://img.0756fang.com/Upload/Dictionary/2020-10/sF6AD1CDC427C4290A8DBF6EC0077272B.jpeg,3室2厅2卫,89.3㎡,26875元,东南,0,70
https://img.0756fang.com/Upload/Dictionary/2020-10/sC9CA8FEB7AD5408F94BF189F1B7CBDFB.jpeg,4室2厅2卫,110.6㎡,31193元,东南,1,70
https://img.0756fang.com/Upload/Dictionary/2022-04/202204151010463278.jpg,4室2厅3卫,151.1㎡,27796元,南北通,2,70
https://img.0756fang.com/Upload/Dictionary/2021-10/202110220427298466.jpeg,4室2厅3卫,248.0㎡,28225元,南北通,0,1165
https://img.0756fang.com/Upload/Dictionary/2021-10/202110230906071031.jpg,5室2厅4卫,305.0㎡,39344元,南北通,1,1165
https://img.0756fang.com/Upload/Dictionary/2021-10/202110230906071031.jpg,5室2厅4卫,305.0㎡,36065元,南北通,2,1165
https://img.0756fang.com/Upload/Dictionary/2021-09/210927105417A73DB09C782E4B52A593.jpg,0室0厅0卫,0.0㎡,0元,,0,2178
https://img.0756fang.com/Upload/Dictionary/2020-12/sF62ECA59226E42F28973240B4AE07986.jpg,3室2厅1卫,86.0㎡,28604元,南,0,2106
https://img.0756fang.com/Upload/Dictionary/2021-08/s27D96A03DF854DE89E0D8B9C62061F9D.jpg,2室1厅1卫,48.0㎡,30000元,南,1,2106
https://img.0756fang.com/Upload/Dictionary/2021-08/s075DCF6010AC4026899F4429DD55A3F7.jpg,1室1厅1卫,36.0㎡,30000元,南,2,2106
https://img.0756fang.com/Upload/Dictionary/2021-08/s075DCF6010AC4026899F4429DD55A3F7.jpg,1室1厅1卫,36.0㎡,30000元,南,3,2106
https://img.0756fang.com/Upload/Dictionary/2021-08/s075DCF6010AC4026899F4429DD55A3F7.jpg,1室1厅1卫,36.0㎡,30000元,南,4,2106
https://img.0756fang.com/Upload/Dictionary/2021-08/s075DCF6010AC4026899F4429DD55A3F7.jpg,1室1厅1卫,36.0㎡,30000元,南,5,2106
https://img.0756fang.com/Upload/Dictionary/2021-06/s92790C63DE274EAE99D730F32B098399.jpeg,3室2厅1卫,86.0㎡,33023元,南,0,2160
https://img.0756fang.com/Upload/Dictionary/2021-06/sD77F2F915CEB414B8791C47C3DD54227.jpeg,3室2厅2卫,96.0㎡,32291元,南,1,2160
https://img.0756fang.com/Upload/Dictionary/2021-12/202112181215234655.jpg,1室1厅1卫,55.0㎡,20909元,东南,0,2243
https://img.0756fang.com/Upload/Dictionary/2021-12/202112181217206833.jpg,1室1厅0卫,168.0㎡,16666元,东南,1,2243
https://img.0756fang.com/Upload/Dictionary/2021-12/202112181218367060.jpg,1室1厅0卫,215.0㎡,17674元,东南,2,2243
https://img.0756fang.com/Upload/Dictionary/2017-03/b7758543-49b2-4b91-bb58-4314ab82afe7.jpg,2室2厅1卫,102.0㎡,37254元,东,0,34
https://img.0756fang.com/Upload/Dictionary/2019-02/190219191057CE95F501508144FD9622.jpg,5室2厅3卫,206.0㎡,42233元,南,1,34
https://img.0756fang.com/Upload/Dictionary/2019-05/34fa9f87-8ceb-4fed-9d06-35a9871d457d.jpg,3室2厅1卫,91.0㎡,34065元,南,0,1284
https://img.0756fang.com/Upload/Dictionary/2019-07/c675538e-efa9-45c0-9c7f-eb8ddde82f2c.jpg,3室2厅1卫,91.0㎡,29670元,东北,1,1284
https://img.0756fang.com/Upload/Dictionary/2019-07/f945091a-58a0-4131-92e9-a14cfd5df495.jpg,2室2厅1卫,83.0㎡,33734元,南,2,1284
https://img.0756fang.com/Upload/Dictionary/2020-03/s770AD4B6E8A245E49FD9672F955C8A47.jpg,2室2厅1卫,78.0㎡,30769元,南,3,1284
https://img.0756fang.com/Upload/Dictionary/2021-02/CF8179D03E5443C898D419A3DB137C47.jpeg,3室2厅2卫,123.0㎡,34959元,南,0,1151
https://img.0756fang.com/Upload/Dictionary/2019-12/7982d21c-dad3-418e-afe5-cdff62060ccb.jpg,3室2厅2卫,113.0㎡,25486元,南北通,0,1355
https://img.0756fang.com/Upload/Dictionary/2019-12/4a6598c4-ef8d-44a8-93ff-4bc4b169ded9.jpg,3室2厅2卫,103.0㎡,25436元,南北通,1,1355
https://img.0756fang.com/Upload/Dictionary/2019-12/5389042c-72e6-4561-bfa0-7bef5b6a5e58.jpg,4室2厅2卫,125.0㎡,25600元,南北通,2,1355
https://img.0756fang.com/Upload/Dictionary/2020-04/sD4B811E8947F4EA6B03053C776CFF747.jpeg,3室2厅2卫,101.0㎡,25247元,南北通,3,1355
https://img.0756fang.com/Upload/Dictionary/2020-12/s4D6CE2BAD51840A09BC6B79D3328BE8C.jpg,3室2厅3卫,122.6㎡,27732元,南,0,2110
https://img.0756fang.com/Upload/Dictionary/2021-02/4141F13A22ED4025B6A781253E90AC04.jpeg,2室2厅1卫,79.1㎡,24020元,南,0,1286
https://img.0756fang.com/Upload/Dictionary/2021-02/36753F7AF460491488BFAB3C4CBC8263.jpeg,3室2厅2卫,103.0㎡,24077元,南北通,1,1286
https://img.0756fang.com/Upload/Dictionary/2020-12/s33C934B79D1D46BBA6A6CF01CB0975E9.jpg,3室2厅2卫,92.0㎡,26630元,南,0,2109
https://img.0756fang.com/Upload/Dictionary/2020-12/sEB476FD36DF340AFA9720BE3E711E7CE.jpg,4室2厅2卫,109.0㎡,25688元,南北通,1,2109
https://img.0756fang.com/Upload/Dictionary/2020-04/sE62D5F132637400A8FCB711EBF2F9B3E.jpg,3室2厅2卫,88.0㎡,26931元,南,0,1453
https://img.0756fang.com/Upload/Dictionary/2020-04/s4E1510C87BA7422A954D57ABADB6E83E.jpg,3室2厅2卫,90.0㎡,26666元,南,1,1453
https://img.0756fang.com/Upload/Dictionary/2020-04/s5672C13014F142D29EC1E5C299B1F76B.jpg,4室2厅2卫,99.0㎡,26767元,南北通,2,1453
https://img.0756fang.com/Upload/Dictionary/2019-09/7a0da16d-c5f6-4475-b4cb-678873a4ce02.jpg,1室1厅1卫,40.0㎡,20000元,北,0,1324
https://img.0756fang.com/Upload/Dictionary/2019-09/422aa5b3-b128-4fc4-a8f1-04b5e8dda210.jpg,1室0厅1卫,35.0㎡,18571元,东,1,1324
https://img.0756fang.com/Upload/Dictionary/2019-09/1c21c929-56b5-4b74-823d-6a8adfb9c752.jpg,1室1厅1卫,49.0㎡,20408元,南,2,1324
https://img.0756fang.com/Upload/Dictionary/2021-06/s1ED5300303C8471993EF7DB12150A5BE.jpg,3室2厅1卫,76.0㎡,27631元,东北,0,2158
https://img.0756fang.com/Upload/Dictionary/2021-06/s13AFEEC8829A4D5A8120048E28FE082D.jpg,4室2厅2卫,98.0㎡,28571元,南,1,2158
https://img.0756fang.com/Upload/Dictionary/2022-07/202207240912175346.jpg,4室2厅2卫,120.0㎡,25000元,南北通,2,2158
https://img.0756fang.com/Upload/Dictionary/2021-10/202110220244254850.jpg,1室1厅1卫,150.0㎡,16000元,南,0,11
https://img.0756fang.com/Upload/Dictionary/2022-06/202206230312028703.jpeg,4室2厅2卫,119.0㎡,28991元,南北通,0,2176
https://img.0756fang.com/Upload/Dictionary/2022-06/202206240327490460.jpeg,4室2厅2卫,130.0㎡,30461元,南,1,2176
https://img.0756fang.com/Upload/Dictionary/2022-06/202206210430558515.jpg,4室2厅2卫,120.0㎡,29000元,南,2,2176
https://img.0756fang.com/Upload/Dictionary/2021-10/202110240400184388.jpg,3室2厅2卫,99.0㎡,27272元,南,3,2176
https://img.0756fang.com/Upload/Dictionary/2021-10/202110161110535768.jpg,4室2厅2卫,164.8㎡,36104元,南北通,0,2181
https://img.0756fang.com/Upload/Dictionary/2021-10/202110161135018623.jpg,4室2厅2卫,139.7㎡,36506元,南北通,1,2181
https://img.0756fang.com/Upload/Dictionary/2021-10/202110161133033633.jpg,3室2厅2卫,120.0㎡,38333元,东南,2,2181
https://img.0756fang.com/Upload/Dictionary/2021-10/202110161141053458.jpg,4室2厅3卫,167.5㎡,45611元,西南,3,2181
https://img.0756fang.com/Upload/Dictionary/2021-10/202110240336092145.jpg,2室2厅1卫,78.0㎡,38717元,南,4,2181
https://img.0756fang.com/Upload/Dictionary/2022-10/202210190525073565.jpeg,5室2厅4卫,226.0㎡,48672元,南北通,5,2181
https://img.0756fang.com/Upload/Dictionary/2022-12/202212160605385162.jpg,4室2厅3卫,165.0㎡,36000元,南,6,2181
https://img.0756fang.com/Upload/Dictionary/2022-12/202212160607138776.jpg,4室2厅2卫,143.0㎡,37062元,南北通,7,2181
https://img.0756fang.com/Upload/Dictionary/2022-12/202212160610122318.jpg,3室2厅2卫,122.0㎡,36885元,南,8,2181
https://img.0756fang.com/Upload/Dictionary/2021-04/1EABBDEB650A4F4BAACEA6507AF6AE51.jpeg,3室2厅2卫,91.0㎡,25824元,南,0,2120
https://img.0756fang.com/Upload/Dictionary/2021-04/0B9AD20603914D13B52E0B49114A242C.jpeg,3室2厅2卫,139.9㎡,22158元,南北通,1,2120
https://img.0756fang.com/Upload/Dictionary/2022-10/202210141112355526.jpg,1室1厅1卫,15.0㎡,66666元,东,0,2279
https://img.0756fang.com/Upload/Dictionary/2022-10/202210141130016688.jpg,1室1厅1卫,30.0㎡,33333元,东,1,2279
https://img.0756fang.com/Upload/Dictionary/2022-10/202210141137433543.jpg,1室1厅1卫,26.3㎡,22053元,西南,2,2279
https://img.0756fang.com/Upload/Dictionary/2022-10/202210141135454211.jpg,1室1厅1卫,37.1㎡,24258元,东南,3,2279
https://img.0756fang.com/Upload/Dictionary/2022-10/202210141137433543.jpg,1室1厅1卫,56.8㎡,23943元,西南,4,2279
https://img.0756fang.com/Upload/Dictionary/2022-10/202210141141096542.jpg,1室1厅1卫,160.0㎡,16250元,东南,5,2279
https://img.0756fang.com/Upload/Dictionary/2022-10/202210190315345256.jpeg,1室0厅1卫,41.0㎡,9756元,南,0,2277
https://img.0756fang.com/Upload/Dictionary/2022-09/202209081154070760.jpg,1室0厅1卫,41.0㎡,9756元,南,1,2277
https://img.0756fang.com/Upload/Dictionary/2021-07/s1BE88BC4BC3F4764B30A4E0E724A3833.jpg,1室0厅1卫,38.0㎡,24210元,西南,0,2167
https://img.0756fang.com/Upload/Dictionary/2019-03/8c63fde5-6e7a-4d9f-ae19-86d65f0562aa.jpg,4室2厅2卫,142.0㎡,30000元,南北通,0,1271
https://img.0756fang.com/Upload/Dictionary/2020-04/s204F13E70C13450B89460F84EE9038B4.jpg,4室2厅3卫,185.0㎡,33243元,南北通,0,1169
https://img.0756fang.com/Upload/Dictionary/2020-04/s6612873BD071484AB82BF03803D52300.jpg,4室2厅3卫,235.0㎡,35021元,南北通,1,1169
https://img.0756fang.com/Upload/Dictionary/2020-04/s89C4BB6987BA4C9AAFCD729F93460E65.jpeg,4室2厅3卫,190.0㎡,33157元,南北通,2,1169
https://img.0756fang.com/Upload/Dictionary/2020-04/sCC914833BC2D44BCB942E461346D398E.jpeg,4室2厅3卫,199.0㎡,34170元,南北通,3,1169
https://img.0756fang.com/Upload/Dictionary/2021-10/202110190829331210.jpg,1室2厅1卫,52.0㎡,33653元,南,0,2189
https://img.0756fang.com/Upload/Dictionary/2021-10/202110190838083265.jpg,2室2厅1卫,70.0㎡,37142元,南,1,2189
https://img.0756fang.com/Upload/Dictionary/2021-10/202110190940040206.jpg,3室2厅2卫,100.0㎡,36000元,南,2,2189
https://img.0756fang.com/Upload/Dictionary/2021-10/202110191002021864.jpg,4室2厅2卫,110.0㎡,35454元,南北通,3,2189
https://img.0756fang.com/Upload/Dictionary/2020-04/s52CF5B4F27614D09AA57DD20CF775A14.jpeg,1室0厅1卫,45.0㎡,25555元,南,0,76
https://img.0756fang.com/Upload/Dictionary/2021-10/202110200828228820.jpg,3室2厅2卫,89.0㎡,35393元,南,0,2101
https://img.0756fang.com/Upload/Dictionary/2021-10/202110200839237527.jpg,3室2厅2卫,88.0㎡,35227元,南,1,2101
https://img.0756fang.com/Upload/Dictionary/2021-10/202110200841348524.jpg,3室2厅2卫,90.0㎡,35555元,南,2,2101
https://img.0756fang.com/Upload/Dictionary/2021-10/202110200846027467.jpg,4室2厅2卫,170.0㎡,35882元,南北通,3,2101
https://img.0756fang.com/Upload/Dictionary/2021-06/s7C2DBF4AEA6749E7870400953C8BBDE4.jpg,3室2厅2卫,79.0㎡,41898元,南,0,2164
https://img.0756fang.com/Upload/Dictionary/2021-06/s602E94D0EC064242933A877BAC9F62DA.jpg,3室2厅2卫,89.0㎡,40000元,南,1,2164
https://img.0756fang.com/Upload/Dictionary/2021-06/sAC512CD70ABE421FB04572689EC0DF46.jpg,4室2厅2卫,99.0㎡,37979元,南,2,2164
https://img.0756fang.com/Upload/Dictionary/2020-01/58f93ebf-3578-4a8d-b925-3e06cdbea01b.jpg,4室2厅2卫,125.0㎡,36000元,南北通,0,1357
https://img.0756fang.com/Upload/Dictionary/2020-01/a1758ddd-0918-42c3-8d2d-5d5b912de5d3.jpg,3室2厅2卫,115.0㎡,36086元,南北通,1,1357
https://img.0756fang.com/Upload/Dictionary/2020-01/e49822e1-cdf1-44aa-be99-a9be180f3e5c.jpg,3室2厅2卫,95.0㎡,36000元,东北,2,1357
https://img.0756fang.com/Upload/Dictionary/2020-01/559a3dd1-053c-4f5a-8ae6-d0953b020a9e.jpg,2室2厅1卫,80.0㎡,36250元,西南,3,1357
https://img.0756fang.com/Upload/Dictionary/2021-05/s02686C074C994E7DAA25349DABE0ACC6.jpeg,4室2厅3卫,143.0㎡,48951元,东南,4,1357
https://img.0756fang.com/Upload/Dictionary/2018-03/f057629b-f27d-43f2-8831-7ec18b4a910e.jpg,1室1厅1卫,54.0㎡,23703元,南,0,97
https://img.0756fang.com/Upload/Dictionary/2018-03/9e70a71b-c0c3-40f8-8168-aa47364e9212.jpg,2室2厅1卫,71.0㎡,23943元,东南,1,97
https://img.0756fang.com/Upload/Dictionary/2018-03/7ac4212d-1282-4fb5-a1b3-4886ae5ac9d9.jpg,1室0厅1卫,47.0㎡,24468元,北,2,97
https://img.0756fang.com/Upload/Dictionary/2020-04/s298EB181AC1C4AE7A556EA296C77E46A.jpg,4室2厅2卫,119.0㎡,21932元,东,3,97
https://img.0756fang.com/Upload/Dictionary/2020-04/s7DB58EB8F5F143589BE564E36383812F.jpg,4室2厅2卫,122.0㎡,21721元,东南,4,97
https://img.0756fang.com/Upload/Dictionary/2020-04/s20969C23B00B450496737F323B5A0040.jpg,4室2厅2卫,116.0㎡,21551元,南,5,97
https://img.0756fang.com/Upload/Dictionary/2017-04/12ec4596-0b45-4c7f-b87a-839d486a2e9e.jpg,2室2厅1卫,0.0㎡,0元,南,0,40
https://img.0756fang.com/Upload/Dictionary/2016-09/31475c3d-eb32-4134-a517-1843b4586894.jpg,2室2厅1卫,0㎡,0元,南,0,15
https://img.0756fang.com/Upload/Dictionary/2016-09/c8fb8a80-3fb3-4d8f-8c4e-4144f08a1847.jpg,4室2厅3卫,0㎡,0元,南北通,1,15
https://img.0756fang.com/Upload/Dictionary/2016-09/10c15769-4971-46ce-ad2f-6cafda016f47.jpg,2室2厅1卫,0㎡,0元,南北通,2,15
https://img.0756fang.com/Upload/Dictionary/2020-07/s980582E687D348C7A3E46A938DB256C5.jpeg,0室0厅1卫,37.0㎡,18918元,南,0,2025
https://img.0756fang.com/Upload/Dictionary/2020-07/s90F6F3C12CA94B10AE915C72FBAA9E68.jpeg,0室0厅1卫,27.0㎡,18518元,东,1,2025
https://img.0756fang.com/Upload/Dictionary/2017-10/9f15e2f4-4e83-4be3-8ce9-3b3af863fd7d.jpg,1室1厅1卫,0.0㎡,0元,东,0,63
https://img.0756fang.com/Upload/Dictionary/2018-05/e1135db8-b7da-4861-bfa2-81c8c0871578.jpg,3室2厅3卫,106.0㎡,24528元,,1,63
https://img.0756fang.com/Upload/Dictionary/2018-05/b65b9a8f-0b36-48b5-88cf-b107859562d7.jpg,4室2厅3卫,105.0㎡,24761元,东,2,63
https://img.0756fang.com/Upload/Dictionary/2018-05/2ad57fde-4b97-45bf-b9db-46a41c5a1d50.jpg,3室2厅3卫,102.0㎡,25490元,东北,3,63
https://img.0756fang.com/Upload/Dictionary/2018-06/d20e6c23-f197-429d-98fc-164d1cc32542.jpg,3室2厅3卫,103.0㎡,25242元,东南,4,63
https://img.0756fang.com/Upload/Dictionary/2019-07/59028a04-edeb-4bf9-930d-7784805a5dbf.jpg,3室2厅3卫,104.0㎡,20192元,西,5,63
https://img.0756fang.com/Upload/Dictionary/2021-03/s24372088BEFA4F569B54A8970D62B672.png,4室2厅2卫,134.9㎡,33358元,南北通,0,1322
https://img.0756fang.com/Upload/Dictionary/2021-03/sB9221E537EFA4107BE858C3C6AFEE0FC.jpg,3室2厅2卫,101.6㎡,34448元,东南,1,1322
https://img.0756fang.com/Upload/Dictionary/2021-03/s703D34FDE89C45F68A682E5198FC6B31.png,2室2厅1卫,76.4㎡,30104元,南,2,1322
https://img.0756fang.com/Upload/Dictionary/2021-03/sBCD4575F3ACE428EBDC6892BFA7C6C50.png,3室2厅2卫,112.6㎡,32859元,北,3,1322
https://img.0756fang.com/Upload/Dictionary/2021-03/sA9E611927A7D489E8FC1825389B1E5EE.jpg,1室1厅1卫,52.9㎡,30245元,东,4,1322
https://img.0756fang.com/Upload/Dictionary/2021-03/s22C0B4DA28DA4CC385A5DA8FCDA53E60.png,2室2厅1卫,67.8㎡,33923元,北,5,1322
https://img.0756fang.com/Upload/Dictionary/2019-04/6893cbe9-61a9-41a7-aa26-9f125869b0c6.jpg,3室2厅1卫,53.0㎡,30188元,南,0,1275
https://img.0756fang.com/Upload/Dictionary/2019-04/d2d45ea4-0f24-4998-a3b5-22cc4c6d8c14.jpg,1室1厅1卫,35.0㎡,28571元,西,1,1275
https://img.0756fang.com/Upload/Dictionary/2019-04/1c12531a-ef7f-4ac9-9cbc-8d3c9af1a667.jpg,2室2厅1卫,39.0㎡,32051元,南,2,1275
https://img.0756fang.com/Upload/Dictionary/2020-04/s93F799D0F114447BB1B43A0D80ACB5E5.jpg,4室2厅4卫,106.0㎡,22924元,北,0,135
https://img.0756fang.com/Upload/Dictionary/2020-04/s82401A6169754FD2A7907E55F416098F.jpg,4室2厅4卫,109.1㎡,22731元,北,1,135
https://img.0756fang.com/Upload/Dictionary/2020-04/s82401A6169754FD2A7907E55F416098F.jpg,4室2厅4卫,109.1㎡,22731元,北,2,135
https://img.0756fang.com/Upload/Dictionary/2019-07/e70b7cb1-da12-455c-8920-27cb425145e7.jpg,1室1厅1卫,152.0㎡,15000元,东北,0,85
https://img.0756fang.com/Upload/Dictionary/2019-11/0dc73519-c35c-4e0a-a160-c6c0f3d009ca.jpg,1室1厅1卫,43.0㎡,26279元,西南,0,1341
https://img.0756fang.com/Upload/Dictionary/2019-11/2adc3ce0-0aef-46fd-a268-043fb6556f74.jpg,1室1厅1卫,41.0㎡,23902元,西北,1,1341
https://img.0756fang.com/Upload/Dictionary/2019-11/e9bed046-762f-47b0-ad81-f270c1b6032b.jpg,1室1厅1卫,46.0㎡,25217元,东北,2,1341
https://img.0756fang.com/Upload/Dictionary/2019-11/e9bed046-762f-47b0-ad81-f270c1b6032b.jpg,1室1厅1卫,38.0㎡,23947元,西南,3,1341
https://img.0756fang.com/Upload/Dictionary/2019-11/0dc73519-c35c-4e0a-a160-c6c0f3d009ca.jpg,1室1厅1卫,56.0㎡,24642元,东北,4,1341
https://img.0756fang.com/Upload/Dictionary/2019-09/e86cfc79-25f6-47bd-baa0-57d2476f0e1f.jpg,2室2厅1卫,60.0㎡,25000元,南,0,69
https://img.0756fang.com/Upload/Dictionary/2018-08/3ff09bf9-4be9-454f-a5c0-23d5f91e40b4.jpg,1室1厅1卫,35.0㎡,54857元,南,0,114
https://img.0756fang.com/Upload/Dictionary/2018-08/eb7b7fae-4c3f-49ed-b03d-7330409be5de.jpg,1室1厅1卫,50.0㎡,52000元,东,1,114
https://img.0756fang.com/Upload/Dictionary/2018-08/ffed80dd-f8aa-4530-aebb-10666bf83e0c.jpg,2室2厅1卫,78.5㎡,42038元,东北,2,114
https://img.0756fang.com/Upload/Dictionary/2018-08/e4ea607f-e84a-4424-8455-19846cb65e8e.jpg,1室1厅1卫,37.7㎡,51724元,西南,3,114
https://img.0756fang.com/Upload/Dictionary/2018-08/1e95a7ba-307a-4aec-abba-67aa0c70290b.jpg,1室1厅1卫,45.0㎡,53333元,西南,4,114
https://img.0756fang.com/Upload/Dictionary/2019-07/4e87d0db-15dd-4136-ad1b-2285f7eb2c50.jpg,2室1厅1卫,70.0㎡,37142元,西南,5,114
https://img.0756fang.com/Upload/Dictionary/2021-10/202110241101271287.jpg,1室1厅1卫,37.0㎡,10810元,北,0,1234
https://img.0756fang.com/Upload/Dictionary/2021-10/202110241106377663.jpg,1室1厅1卫,42.0㎡,10238元,南,1,1234
https://img.0756fang.com/Upload/Dictionary/2021-12/202112260609270232.jpg,3室2厅2卫,168.0㎡,47023元,东北,0,2244
https://img.0756fang.com/Upload/Dictionary/2021-12/202112301011385763.jpg,4室2厅2卫,154.1㎡,48475元,西南,1,2244
https://img.0756fang.com/Upload/Dictionary/2022-02/202202140920383635.jpeg,2室2厅2卫,101.0㎡,51485元,西北,0,2250
https://img.0756fang.com/Upload/Dictionary/2022-02/202202140927555718.jpeg,3室2厅3卫,190.0㎡,51052元,东,1,2250
https://img.0756fang.com/Upload/Dictionary/2022-02/202202140941086772.jpeg,4室2厅2卫,158.0㎡,46518元,东,2,2250
https://img.0756fang.com/Upload/Dictionary/2022-02/202202140946221522.jpeg,4室2厅2卫,137.0㎡,49270元,南北通,3,2250
https://img.0756fang.com/Upload/Dictionary/2022-02/202202140950550750.jpeg,4室2厅2卫,141.0㎡,49645元,东南,4,2250
https://img.0756fang.com/Upload/Dictionary/2022-02/202202140954292858.jpeg,4室2厅2卫,145.0㎡,49655元,西南,5,2250
https://img.0756fang.com/Upload/Dictionary/2022-12/202212160354072762.jpeg,1室1厅1卫,60.0㎡,23000元,西,0,2282
https://img.0756fang.com/Upload/Dictionary/2022-12/202212160405334631.jpeg,1室1厅1卫,89.0㎡,23033元,东,1,2282
https://img.0756fang.com/Upload/Dictionary/2022-12/202212160411265845.jpeg,2室2厅1卫,125.0㎡,23040元,西北,2,2282
https://img.0756fang.com/Upload/Dictionary/2018-12/9df3b8e4-52e3-4243-b0ff-91f95143ba7b.jpg,4室2厅3卫,141.0㎡,55319元,南北通,0,1247
https://img.0756fang.com/Upload/Dictionary/2020-04/s9D9C39A3D2E545E7BE9C5E42750E141D.jpg,4室2厅3卫,171.0㎡,57309元,南北通,1,1247
https://img.0756fang.com/Upload/Dictionary/2020-12/s675CE348F96F497A83BC3E0D49426360.jpg,3室2厅2卫,99.0㎡,55555元,南,2,1247
https://img.0756fang.com/Upload/Dictionary/2018-12/39e50934-df83-4e28-b131-371c71b028d7.jpg,4室2厅2卫,126.0㎡,53968元,南,3,1247
https://img.0756fang.com/Upload/Dictionary/2020-12/s543A287AFAEF43C4BB40888922A680E2.png,4室2厅3卫,213.0㎡,63849元,南北通,4,1247
https://img.0756fang.com/Upload/Dictionary/2020-12/s25E74532B4D842FFA01BBD35EE8D1B84.png,4室2厅3卫,163.0㎡,59509元,南北通,5,1247
https://img.0756fang.com/Upload/Dictionary/2019-10/c81f03ac-5702-4d65-b4d4-4f2a26871a5d.jpg,1室1厅1卫,67.8㎡,11061元,东南,0,1300
https://img.0756fang.com/Upload/Dictionary/2019-10/d031a409-d03f-4686-bea4-4084419dd027.jpg,1室1厅1卫,48.0㎡,11458元,南北通,1,1300
https://img.0756fang.com/Upload/Dictionary/2021-10/202110240605000421.jpg,1室1厅1卫,0.0㎡,0元,西南,2,1300
https://img.0756fang.com/Upload/Dictionary/2019-10/bce6ae37-a074-4d6d-adae-431e46659099.jpg,1室1厅1卫,40.0㎡,11500元,西,3,1300
https://img.0756fang.com/Upload/Dictionary/2019-11/a26e4b1b-6981-4251-a6b4-5b6a29c559b3.png,1室1厅1卫,37.1㎡,32345元,北,0,1345
https://img.0756fang.com/Upload/Dictionary/2019-11/256b6bfe-4a4e-4886-ae66-2ca2aad1b1db.png,3室1厅1卫,73.8㎡,34552元,东南,1,1345
https://img.0756fang.com/Upload/Dictionary/2019-04/58a5f5a5-b271-4443-98e1-732fbb6fc2a1.jpg,2室1厅2卫,64.0㎡,40625元,东,0,1282
https://img.0756fang.com/Upload/Dictionary/2019-04/fda31fc6-20fd-47cc-b979-5a3bb6762c3e.jpg,2室1厅1卫,39.0㎡,51282元,南,1,1282
https://img.0756fang.com/Upload/Dictionary/2019-04/29215d5d-f594-498d-98b6-6b8a60cb0aa1.jpg,2室2厅2卫,53.0㎡,41509元,西,2,1282
https://img.0756fang.com/Upload/Dictionary/2019-04/c20da9d0-7257-450f-bc34-ada2d1f6e1f7.jpg,2室2厅2卫,48.0㎡,43750元,南,3,1282
https://img.0756fang.com/Upload/Dictionary/2020-03/sA524EFDBA0DC45D4BC6BA55811B2DF8E.jpeg,0室0厅1卫,30.0㎡,30000元,东,0,81
https://img.0756fang.com/Upload/Dictionary/2020-03/s326817EA84014BBF9122BE991CE003B5.jpeg,0室0厅1卫,40.0㎡,30000元,南,1,81
https://img.0756fang.com/Upload/Dictionary/2020-03/sBE3C1C3AD5E54A13B3F438DBF2154E6F.jpeg,0室0厅1卫,55.0㎡,30000元,东,2,81
https://img.0756fang.com/Upload/Dictionary/2020-03/sD1C0B7FC5337493FB295398EE7A6F18D.jpeg,0室0厅1卫,60.0㎡,33000元,东,3,81
https://img.0756fang.com/Upload/Dictionary/2020-03/s7F08DB8A241046C394DDEEC0DBE2D02B.jpeg,0室0厅1卫,80.0㎡,33125元,东南,4,81
https://img.0756fang.com/Upload/Dictionary/2020-04/s3BBA25049EC94FA18F8B7B8C9BCCEC86.jpg,3室2厅1卫,55.9㎡,39355元,北,0,1302
https://img.0756fang.com/Upload/Dictionary/2020-04/sA9FD3088CDE34475ACD6C329E8247235.jpg,4室2厅2卫,92.4㎡,31926元,西北,1,1302
https://img.0756fang.com/Upload/Dictionary/2020-04/sF14A5150E2AD4720824D6E98B262B892.jpg,4室2厅2卫,103.4㎡,31914元,南,2,1302
https://img.0756fang.com/Upload/Dictionary/2020-11/sED7AC55769404CC990B039DA6A356C05.jpg,1室1厅1卫,51.0㎡,29411元,南,0,1155
https://img.0756fang.com/Upload/Dictionary/2020-05/s8DB205F38B724416A85D824B092BC515.jpg,2室2厅1卫,35.0㎡,34285元,东,0,1458
https://img.0756fang.com/Upload/Dictionary/2020-05/s58F16D7AED3E43D88412023A47CD134D.jpg,1室1厅1卫,34.0㎡,26470元,东,1,1458
https://img.0756fang.com/Upload/Dictionary/2018-07/60a84b4c-1aad-4c8e-a3b0-d93b25137d5c.jpg,2室2厅1卫,70.0㎡,50000元,南北通,0,1185
https://img.0756fang.com/Upload/Dictionary/2018-07/192dc01a-efe7-4c4f-b804-62a6c6d5de6e.jpg,1室1厅1卫,57.0㎡,45614元,东北,1,1185
https://img.0756fang.com/Upload/Dictionary/2019-12/d75bb3fd-3071-4811-a0c8-21d4512ebc08.jpg,1室1厅1卫,210.0㎡,31428元,南北通,2,1185
https://img.0756fang.com/Upload/Dictionary/2021-10/202110220225436785.png,0室0厅1卫,58.0㎡,37931元,东,0,2046
https://img.0756fang.com/Upload/Dictionary/2021-10/202110220231052673.png,0室0厅1卫,65.0㎡,36153元,南,1,2046
https://img.0756fang.com/Upload/Dictionary/2021-10/202110220233570516.png,0室0厅1卫,170.0㎡,35000元,南,2,2046
https://img.0756fang.com/Upload/Dictionary/2016-10/2f9fb231-9921-448b-963e-d91f3b0f6ae2.jpg,1室1厅1卫,0㎡,0元,东,0,18
https://img.0756fang.com/Upload/Dictionary/2018-08/cd71ca89-f59a-4ccd-b643-bc223fff4552.jpg,1室0厅0卫,120.0㎡,50000元,东,0,1198
https://img.0756fang.com/Upload/Dictionary/2018-08/f7a7c477-5b23-4112-b40f-1dee63d98fbb.jpg,1室0厅1卫,23.0㎡,152173元,东,1,1198
https://img.0756fang.com/Upload/Dictionary/2019-07/208a49a8-0d8c-4bc3-8bd5-da8d11eed6f3.png,1室1厅1卫,58.0㎡,37931元,南,2,1198
https://img.0756fang.com/Upload/Dictionary/2019-07/245ac41f-50f2-463c-addb-f4da4ea3d95b.jpg,1室1厅1卫,55.0㎡,38181元,南,3,1198
https://img.0756fang.com/Upload/Dictionary/2020-07/s306F4192B94C4C0AA89DD52D00E5B923.png,1室1厅1卫,88.0㎡,37500元,东,0,2014
https://img.0756fang.com/Upload/Dictionary/2020-07/s65D90E3BF7674C70801282B7F50A226F.png,1室11厅1卫,63.0㎡,34920元,南,1,2014
https://img.0756fang.com/Upload/Dictionary/2020-07/s00DE3D5F0AB5401EA48EAE48AEE953A9.png,1室1厅1卫,58.0㎡,34482元,南,2,2014
https://img.0756fang.com/Upload/Dictionary/2017-12/810652c2-5f80-4a63-829c-e8b4f42d4949.jpg,1室1厅1卫,53.0㎡,56603元,西,0,82
https://img.0756fang.com/Upload/Dictionary/2017-12/810652c2-5f80-4a63-829c-e8b4f42d4949.jpg,1室1厅1卫,63.0㎡,38095元,东,1,82
https://img.0756fang.com/Upload/Dictionary/2020-10/s5EAEBA00076A4FFDA3A340FA19AEAB6A.jpg,2室2厅2卫,60.0㎡,35000元,南,0,1178
https://img.0756fang.com/Upload/Dictionary/2020-05/s1A276584C70F416FA1519F1DAA019ECF.jpg,3室2厅2卫,105.0㎡,50476元,南北通,0,1179
https://img.0756fang.com/Upload/Dictionary/2020-05/sC505AD04E68C4374986B38A9EFB38FE5.jpg,3室2厅2卫,103.0㎡,50485元,西南,1,1179
https://img.0756fang.com/Upload/Dictionary/2020-05/sC505AD04E68C4374986B38A9EFB38FE5.jpg,3室2厅2卫,99.0㎡,49494元,西南,2,1179
https://img.0756fang.com/Upload/Dictionary/2021-07/s7C388C415FFA489F88AE071899B5C36A.jpg,0室0厅1卫,60.0㎡,29000元,南,0,2168
https://img.0756fang.com/Upload/Dictionary/2021-07/s0DD880DEF259439C8ACB2141E305B80C.jpg,0室0厅1卫,61.0㎡,29180元,南,1,2168
https://img.0756fang.com/Upload/Dictionary/2021-07/s7395B5B7C57D4423B2B43C4CD6145954.jpg,0室0厅1卫,61.0㎡,27868元,南,2,2168
https://img.0756fang.com/Upload/Dictionary/2017-05/5f0a9340-b253-41f9-8e1c-da364b62291a.jpg,0室0厅0卫,173.0㎡,28208元,南,0,13
https://img.0756fang.com/Upload/Dictionary/2017-05/5f0a9340-b253-41f9-8e1c-da364b62291a.jpg,0室0厅0卫,77.0㎡,28571元,南,1,13
https://img.0756fang.com/Upload/Dictionary/2020-05/sDEBC72B3DF604B22A6E2346C24D2363E.jpg,1室1厅1卫,63.3㎡,36334元,南,0,1459
https://img.0756fang.com/Upload/Dictionary/2020-05/s359CA7CB53F142B99178215BF7A84055.jpg,1室1厅1卫,58.0㎡,40517元,东,1,1459
https://img.0756fang.com/Upload/Dictionary/2020-05/s7447DF40D1594BEFA6DC621D597BA2F7.jpg,1室1厅1卫,62.0㎡,35483元,南,2,1459
https://img.0756fang.com/Upload/Dictionary/2019-06/1f42ec70-6cd0-4df1-b0db-88ebf335e219.png,1室1厅1卫,27.0㎡,0元,东,0,1303
https://img.0756fang.com/Upload/Dictionary/2019-06/1f42ec70-6cd0-4df1-b0db-88ebf335e219.png,1室1厅1卫,39.0㎡,0元,东南,1,1303
https://img.0756fang.com/Upload/Dictionary/2019-06/cc7e94f0-7253-4dab-8e85-a765498275c2.png,1室1厅1卫,39.0㎡,0元,南,2,1303
https://img.0756fang.com/Upload/Dictionary/2021-06/sA9D8D947D9ED472AB51518F4D455E15D.jpg,3室2厅2卫,90.0㎡,28333元,南北通,0,2155
https://img.0756fang.com/Upload/Dictionary/2021-06/s6B42670434B645A99C919E2CBCF8F9F5.jpg,4室2厅2卫,126.0㎡,30952元,南北通,1,2155
https://img.0756fang.com/Upload/Dictionary/2021-06/sD902E5DB5C904A73B544285B54AF5A3D.jpg,4室2厅2卫,109.0㎡,25229元,南北通,2,2155
https://img.0756fang.com/Upload/Dictionary/2021-06/sE99C15A5FCC540E6BC9265D241FADAB9.jpg,4室2厅2卫,120.0㎡,28000元,南北通,3,2155
https://img.0756fang.com/Upload/Dictionary/2021-06/sEBFD352098B3446EB19A951435B8149E.jpg,4室2厅2卫,108.0㎡,28055元,南北通,4,2155
https://img.0756fang.com/Upload/Dictionary/2021-06/sD9D0AEDFCCE54BEEA2C5703322A65626.jpg,3室2厅2卫,90.0㎡,28888元,东南,5,2155
https://img.0756fang.com/Upload/Dictionary/2020-11/s065918DA04D7489D8C8BA47940C752EE.jpeg,3室2厅1卫,85.0㎡,16470元,南北通,0,2100
https://img.0756fang.com/Upload/Dictionary/2020-11/s8D021EBF26DA4480831EDA9854D23F15.jpeg,3室2厅2卫,100.0㎡,16000元,南,1,2100
https://img.0756fang.com/Upload/Dictionary/2020-11/sB147073CB8624263A1D1F36D19E7D32E.jpeg,3室2厅1卫,85.0㎡,16000元,南,2,2100
https://img.0756fang.com/Upload/Dictionary/2020-04/s4441D2596E4C41248D5CFF96E32F69E9.jpeg,4室2厅2卫,129.0㎡,25426元,南北通,0,1455
https://img.0756fang.com/Upload/Dictionary/2020-04/s165ED55E96C04E28B54FF6A0D8F23421.jpeg,2室2厅1卫,82.0㎡,24390元,南北通,1,1455
https://img.0756fang.com/Upload/Dictionary/2020-04/sFD6922D81119459D90CCC3DEBE9664BD.jpeg,2室2厅1卫,72.0㎡,24722元,南,2,1455
https://img.0756fang.com/Upload/Dictionary/2020-12/sEBACC99A21284B91A56966E01E95F7A7.jpg,3室2厅2卫,98.0㎡,24489元,南,3,1455
https://img.0756fang.com/Upload/Dictionary/2020-12/sB75AD94FA45C4115B1715FA6B032C14D.jpg,3室2厅2卫,107.0㎡,24766元,南,4,1455
https://img.0756fang.com/Upload/Dictionary/2021-04/s90AC958E43164B2DB4FBD9F895FB0BD6.jpg,3室2厅1卫,79.0㎡,29113元,南,0,2134
https://img.0756fang.com/Upload/Dictionary/2021-04/sC623F53DCE8E44618D712DAD6954A815.jpg,3室2厅2卫,89.0㎡,29213元,南,1,2134
https://img.0756fang.com/Upload/Dictionary/2021-04/s3398CE6182F245198AAA5AD3C009EEF3.jpg,3室2厅2卫,92.0㎡,29130元,南北通,2,2134
https://img.0756fang.com/Upload/Dictionary/2020-10/sA1E19E72AB544B07AEB9392D2981E4E8.jpg,4室2厅2卫,117.0㎡,18803元,南北通,0,28
https://img.0756fang.com/Upload/Dictionary/2020-10/s83424C896D9D44B7AE439265B0C1D83A.jpg,4室2厅2卫,127.0㎡,18503元,南,1,28
https://img.0756fang.com/Upload/Dictionary/2020-10/s15313516B9D847628B36C48839B14265.jpg,5室2厅2卫,137.0㎡,18613元,南北通,2,28
https://img.0756fang.com/Upload/Dictionary/2020-10/s167E4FB2017E4A3997674274CB14371F.jpg,3室2厅2卫,111.0㎡,18018元,南,3,28
https://img.0756fang.com/Upload/Dictionary/2021-08/s4582F1D189604C9CBC8491D71678A76F.jpg,4室2厅2卫,107.4㎡,17225元,东北,0,2173
https://img.0756fang.com/Upload/Dictionary/2021-08/sB64A414083A14C54829A61D2B358AB69.jpg,3室2厅1卫,86.8㎡,17281元,东南,1,2173
https://img.0756fang.com/Upload/Dictionary/2021-08/s33C219C78ED743568018DA9457C7407D.jpg,4室2厅2卫,112.0㎡,16964元,东南,2,2173
https://img.0756fang.com/Upload/Dictionary/2021-08/s56A0DE1785F541EBACDDCD489C28A791.jpg,3室2厅2卫,102.4㎡,17089元,东南,3,2173
https://img.0756fang.com/Upload/Dictionary/2021-08/s23DFE08EDED946C7BA0ECD47747E7210.jpg,2室2厅1卫,69.2㎡,17341元,东南,4,2173
https://img.0756fang.com/Upload/Dictionary/2020-12/s0CD3167181C842E784C0492B8AAE69C2.jpg,3室2厅2卫,107.0㎡,22056元,南北通,0,2045
https://img.0756fang.com/Upload/Dictionary/2020-12/s0AA93D2CDB7B4895BF1552F14B7824E7.jpg,3室2厅2卫,93.0㎡,22043元,南北通,1,2045
https://img.0756fang.com/Upload/Dictionary/2020-12/s102F6D243FA94980933687851D2F94CD.jpg,3室3厅3卫,96.0㎡,23958元,东南,2,2045
https://img.0756fang.com/Upload/Dictionary/2021-09/202109191227096438.jpg,2室2厅1卫,68.0㎡,25735元,南,3,2045
https://img.0756fang.com/Upload/Dictionary/2021-10/202110210712281840.jpg,3室2厅1卫,83.0㎡,25301元,东,4,2045
https://img.0756fang.com/Upload/Dictionary/2021-10/202110221053338110.jpg,3室2厅1卫,78.0㎡,25000元,南,5,2045
https://img.0756fang.com/Upload/Dictionary/2021-10/202110221056121430.jpg,2室2厅1卫,69.0㎡,25362元,南,6,2045
https://img.0756fang.com/Upload/Dictionary/2022-10/202210190309500845.jpeg,4室2厅3卫,143.0㎡,36363元,南北通,0,2090
https://img.0756fang.com/Upload/Dictionary/2022-10/202210190316411682.jpeg,4室2厅3卫,143.0㎡,25034元,南北通,1,2090
https://img.0756fang.com/Upload/Dictionary/2022-10/202210190448154851.jpeg,4室2厅3卫,143.0㎡,35174元,南北通,2,2090
https://img.0756fang.com/Upload/Dictionary/2021-06/sCB1D5ECB3AF449ADBBF2DA72E6BEC730.jpg,4室2厅2卫,128.0㎡,20937元,南北通,0,2153
https://img.0756fang.com/Upload/Dictionary/2021-06/s5CF8120509324A4D81103140808916AA.png,3室2厅2卫,115.0㎡,20434元,南北通,1,2153
https://img.0756fang.com/Upload/Dictionary/2019-05/d9977f11-f1be-4d64-995d-3a5537c31b80.jpg,3室2厅2卫,97.0㎡,17010元,南北通,0,1290
https://img.0756fang.com/Upload/Dictionary/2019-05/333ac984-a07b-4491-b2b2-938f4d0049fd.jpg,3室2厅1卫,92.0㎡,17391元,南,1,1290
https://img.0756fang.com/Upload/Dictionary/2022-03/202203141237197133.jpg,2室2厅1卫,69.0㎡,23188元,西南,0,2256
https://img.0756fang.com/Upload/Dictionary/2022-03/202203140142528424.jpg,3室2厅2卫,83.0㎡,23493元,东南,1,2256
https://img.0756fang.com/Upload/Dictionary/2022-03/202203140144184833.jpg,4室2厅2卫,109.0㎡,23853元,东南,2,2256
https://img.0756fang.com/Upload/Dictionary/2023-01/202301060541134141.jpg,1室1厅0卫,41.0㎡,9024元,东南,0,1229
https://img.0756fang.com/Upload/Dictionary/2021-07/sB611C42351A14C2896E1D126A2E2C008.jpeg,3室2厅2卫,90.0㎡,28000元,南,0,2044
https://img.0756fang.com/Upload/Dictionary/2021-07/s8B4485478C074F9398D33793BB1C2928.jpeg,3室2厅1卫,78.0㎡,27948元,南,1,2044
https://img.0756fang.com/Upload/Dictionary/2021-11/202111110606505082.jpg,2室2厅1卫,67.0㎡,25074元,西南,2,2044
https://img.0756fang.com/Upload/Dictionary/2021-11/202111110614404337.jpg,3室2厅2卫,81.0㎡,24938元,西南,3,2044
https://img.0756fang.com/Upload/Dictionary/2021-11/202111110622357536.jpg,3室2厅2卫,89.0㎡,24943元,西南,4,2044
https://img.0756fang.com/Upload/Dictionary/2021-11/202111110626024247.jpg,4室2厅2卫,99.0㎡,25050元,西南,5,2044
https://img.0756fang.com/Upload/Dictionary/2021-11/202111110629510042.jpg,4室2厅2卫,108.0㎡,25000元,西南,6,2044
https://img.0756fang.com/Upload/Dictionary/2021-10/202110251057301810.jpg,3室2厅2卫,104.0㎡,22596元,南,0,1269
https://img.0756fang.com/Upload/Dictionary/2021-10/202110251049374000.jpg,3室2厅2卫,92.0㎡,26195元,南,1,1269
https://img.0756fang.com/Upload/Dictionary/2021-10/202110251051366757.jpg,3室2厅2卫,126.0㎡,29365元,南北通,2,1269
https://img.0756fang.com/Upload/Dictionary/2021-10/202110251055272805.jpg,3室2厅2卫,138.0㎡,27536元,南北通,3,1269
https://img.0756fang.com/Upload/Dictionary/2022-06/202206150442553283.jpg,4室2厅2卫,103.0㎡,24271元,南北通,4,1269
https://img.0756fang.com/Upload/Dictionary/2020-05/s5D74BDD4A13645D29843F17C10B1A921.jpg,3室2厅2卫,99.0㎡,25252元,南,0,1298
https://img.0756fang.com/Upload/Dictionary/2020-05/sF167487CD6AD4266B603719EC54C5D48.jpg,4室2厅2卫,140.0㎡,26071元,南北通,1,1298
https://img.0756fang.com/Upload/Dictionary/2020-05/s79FD7FF40BC94A669C31C208B124360E.jpg,4室2厅2卫,139.0㎡,26978元,南,2,1298
https://img.0756fang.com/Upload/Dictionary/2020-05/s8A0CB2E83151484594C08389BD090EF1.jpg,4室2厅2卫,173.0㎡,30057元,南北通,3,1298
https://img.0756fang.com/Upload/Dictionary/2021-09/210915131259FFB3887988BD4AE79937.jpg,4室2厅2卫,126.0㎡,31746元,南北通,0,2177
https://img.0756fang.com/Upload/Dictionary/2021-09/2109151316506822DCCD979D4A0092BB.jpg,4室2厅2卫,109.0㎡,28899元,南北通,1,2177
https://img.0756fang.com/Upload/Dictionary/2021-09/210915131654056690BD496946BB8B79.jpg,3室2厅2卫,98.0㎡,29591元,南北通,2,2177
https://img.0756fang.com/Upload/Dictionary/2021-09/2109151316574B32301977AF4255942B.jpg,3室2厅2卫,90.0㎡,28888元,南,3,2177
https://img.0756fang.com/Upload/Dictionary/2020-10/s627DC38B679E4361A7C7CEFD38FDF820.jpg,3室2厅2卫,114.0㎡,15789元,南北通,0,2073
https://img.0756fang.com/Upload/Dictionary/2020-10/s3722444E60F6483193350B0AC6B856FC.jpg,3室2厅2卫,102.0㎡,16666元,南,1,2073
https://img.0756fang.com/Upload/Dictionary/2020-10/s32E1B09634434197A6E219643E899DCC.jpg,3室2厅2卫,95.0㎡,16842元,东南,2,2073
https://img.0756fang.com/Upload/Dictionary/2016-11/8f58bd9f-cca9-4ff7-abac-26c3e7a81255.jpg,4室2厅2卫,117.0㎡,20170元,南北通,0,23
https://img.0756fang.com/Upload/Dictionary/2021-09/210918172359F4B87A43D50947C0A545.jpg,2室2厅1卫,73.0㎡,29863元,南,0,2179
https://img.0756fang.com/Upload/Dictionary/2021-09/2109181723599158A885B04544D396DC.jpg,3室2厅1卫,85.0㎡,30000元,南,1,2179
https://img.0756fang.com/Upload/Dictionary/2021-09/210918172400CE8AD0315389471F9459.jpg,3室2厅1卫,84.0㎡,30357元,南北通,2,2179
https://img.0756fang.com/Upload/Dictionary/2021-09/210918172401C4CBA71CEA3C463F8D15.jpg,3室2厅2卫,89.0㎡,30000元,南,3,2179
https://img.0756fang.com/Upload/Dictionary/2021-09/210918172402E6FD2A92C159463D97AE.jpg,4室2厅2卫,109.0㎡,30000元,南北通,4,2179
https://img.0756fang.com/Upload/Dictionary/2021-09/210918173238AD4A197E21994176AFC9.jpg,4室2厅2卫,119.0㎡,33613元,南北通,5,2179
https://img.0756fang.com/Upload/Dictionary/2018-11/8aca56a8-7931-4aa1-8df8-989762e8698d.jpg,3室2厅2卫,188.0㎡,30851元,东南,0,1238
https://img.0756fang.com/Upload/Dictionary/2018-11/7a8508f6-a444-4071-b52e-7337b3f554f1.jpg,3室2厅2卫,178.0㎡,32022元,东南,1,1238
https://img.0756fang.com/Upload/Dictionary/2018-11/8aca56a8-7931-4aa1-8df8-989762e8698d.jpg,3室2厅2卫,172.0㎡,33139元,南,2,1238
https://img.0756fang.com/Upload/Dictionary/2020-04/s10D23EE79D50402EAC599B926D17F5A9.jpg,5室3厅4卫,330.0㎡,39393元,东南,3,1238
https://img.0756fang.com/Upload/Dictionary/2019-12/aa9bebe0-ecd5-4efd-ac55-2b7181f97046.jpg,1室2厅1卫,65.0㎡,10769元,南,0,1350
https://img.0756fang.com/Upload/Dictionary/2019-12/ffd0174f-737f-498f-99ae-635e1c0a94dd.jpg,2室2厅1卫,85.0㎡,10823元,东南,1,1350
https://img.0756fang.com/Upload/Dictionary/2019-12/adeee886-731b-46b7-8110-4e3becdb5aef.jpg,3室2厅2卫,125.0㎡,11040元,西南,2,1350
https://img.0756fang.com/Upload/Dictionary/2020-04/sFEBC06E7C8F74E8FA96011F3B2325491.jpeg,4室3厅2卫,187.0㎡,15775元,南,3,1350
https://img.0756fang.com/Upload/Dictionary/2016-10/4e0bdf1d-be26-4f10-93c5-634c8d2d8d33.png,3室2厅2卫,107.0㎡,16355元,南北通,0,1258
https://img.0756fang.com/Upload/Dictionary/2019-06/b8b90d3c-42e3-41be-b092-a13c18f5e7d6.jpg,3室2厅2卫,108.7㎡,15547元,南北通,1,1258
https://img.0756fang.com/Upload/Dictionary/2019-06/4c912dd8-452e-4ccd-8212-eeefa2b5f2a6.jpg,3室2厅2卫,100.0㎡,15900元,南,2,1258
https://img.0756fang.com/Upload/Dictionary/2016-07/8c7fe553-dab8-4648-997b-0a296b7b05dc.png,3室2厅2卫,111.0㎡,15765元,南,3,1258
https://img.0756fang.com/Upload/Dictionary/2016-07/5972328e-3efc-4440-896a-8dc78efe61dd.png,3室2厅2卫,101.0㎡,16831元,南,4,1258
https://img.0756fang.com/Upload/Dictionary/2019-12/d2fdb4c5-572c-42da-9120-229ae76bdd49.jpg,3室2厅2卫,92.0㎡,25217元,南,0,1353
https://img.0756fang.com/Upload/Dictionary/2019-12/d17eccf2-ab2e-4865-9dff-7c0a7194c0da.jpg,3室2厅1卫,80.0㎡,25000元,西南,1,1353
https://img.0756fang.com/Upload/Dictionary/2019-12/9b8ec805-7874-4d02-84a7-20a48550f325.jpg,4室2厅2卫,105.0㎡,26190元,南北通,2,1353
https://img.0756fang.com/Upload/Dictionary/2019-12/1d3f8b65-37d3-4ec4-a0bb-6f536030a593.jpg,4室2厅2卫,129.0㎡,25968元,南北通,3,1353
https://img.0756fang.com/Upload/Dictionary/2020-08/sBC30DDDFF3BD443199E2F0C472601982.jpeg,4室2厅2卫,121.0㎡,21487元,南北通,0,2029
https://img.0756fang.com/Upload/Dictionary/2020-08/sF961F53FAAAE46F58C50AA4A1636DBD7.jpeg,3室2厅2卫,90.3㎡,21594元,南北通,1,2029
https://img.0756fang.com/Upload/Dictionary/2020-08/sFEF420B9981A497FAB22C5AEA083EA2D.jpeg,1室0厅1卫,32.0㎡,25000元,西,2,2029
https://img.0756fang.com/Upload/Dictionary/2021-10/202110211146157736.jpg,2室2厅1卫,70.0㎡,20000元,南,0,2186
https://img.0756fang.com/Upload/Dictionary/2021-03/s505C747C84A64C3BBCE7E956CE73B6B3.jpg,1室0厅1卫,27.0㎡,24074元,南,0,2123
https://img.0756fang.com/Upload/Dictionary/2021-03/s038A3D935E0D41A8BB478B41AACE8AFC.jpg,2室1厅1卫,54.0㎡,25925元,南,1,2123
https://img.0756fang.com/Upload/Dictionary/2021-03/sCC686025A0FE4FFF923829B873CC0B93.jpg,1室1厅1卫,41.0㎡,29268元,北,2,2123
https://img.0756fang.com/Upload/Dictionary/2021-03/sDBC2F0E274A94DB88331176202EE9DF3.jpg,1室1厅1卫,43.0㎡,29069元,北,3,2123
https://img.0756fang.com/Upload/Dictionary/2021-03/s2DEFB3BDB6344971A9058ED9421F44A7.jpg,2室1厅1卫,58.0㎡,25000元,南,4,2123
https://img.0756fang.com/Upload/Dictionary/2021-01/s5928BCB9DD19417CB49D7FA14BA65803.jpg,3室2厅2卫,105.0㎡,16285元,南北通,0,2121
https://img.0756fang.com/Upload/Dictionary/2021-01/sEAD19B3443A640C09F09D4DC6D08C3B6.jpg,4室2厅2卫,135.0㎡,16370元,南北通,1,2121
https://img.0756fang.com/Upload/Dictionary/2021-01/sB39DF71FD2924D0297E75CCBA57E821B.jpg,3室2厅2卫,101.0㎡,15247元,南,2,2121
https://img.0756fang.com/Upload/Dictionary/2020-05/s85C56952E30C4790826D64A740EA48C6.jpg,2室2厅1卫,70.0㎡,0元,南北通,0,1462
https://img.0756fang.com/Upload/Dictionary/2020-05/sFB43D178FE4D4D399AD90B6EFF04A08A.jpg,3室2厅1卫,83.0㎡,0元,西南,1,1462
https://img.0756fang.com/Upload/Dictionary/2020-05/s67660F1954FA474ABD53E73773E6A60E.jpg,2室1厅1卫,75.0㎡,0元,东南,2,1462
https://img.0756fang.com/Upload/Dictionary/2021-06/s94892D19D9524004AB637ED25A995A40.jpeg,3室2厅1卫,88.0㎡,21022元,南,0,1340
https://img.0756fang.com/Upload/Dictionary/2021-06/s4A3150304ADD4EEA85584305B9366E31.jpeg,4室2厅2卫,115.0㎡,20434元,南北通,1,1340
https://img.0756fang.com/Upload/Dictionary/2017-07/42e7e513-2bc3-4e1d-a888-41df5299abb9.jpg,3室2厅1卫,87.0㎡,18390元,南,0,1251
https://img.0756fang.com/Upload/Dictionary/2017-07/60e9eb43-6d2a-47fe-a282-3ce8bbd8b916.jpg,3室2厅2卫,91.5㎡,18360元,北,1,1251
https://img.0756fang.com/Upload/Dictionary/2018-09/004bdf04-bc19-4fa6-a3c8-cd8a08cdbf4b.jpg,4室2厅2卫,118.0㎡,17796元,南北通,0,1211
https://img.0756fang.com/Upload/Dictionary/2018-09/004bdf04-bc19-4fa6-a3c8-cd8a08cdbf4b.jpg,4室2厅2卫,118.0㎡,18559元,南北通,1,1211
https://img.0756fang.com/Upload/Dictionary/2019-07/7f22ecf6-0f6c-44b9-a488-f571c789ee5b.jpg,3室2厅2卫,116.0㎡,21551元,南北通,2,1211
https://img.0756fang.com/Upload/Dictionary/2020-04/s31BDB14156034AEE81EB549CF0E58DDC.jpg,3室2厅2卫,106.0㎡,16981元,南北通,3,1211
https://img.0756fang.com/Upload/Dictionary/2021-07/s711A27BA644245D9BD1BF3F97884B88B.jpg,3室2厅2卫,91.0㎡,13736元,南,0,2163
https://img.0756fang.com/Upload/Dictionary/2021-07/s01F97CE8DF7F4A8B940163C9D9A0C6F1.jpg,4室2厅2卫,100.0㎡,13500元,南北通,1,2163
https://img.0756fang.com/Upload/Dictionary/2016-12/f26197e2-369d-4d5d-b827-9a43be9783a3.jpg,3室2厅2卫,92.0㎡,15543元,南,0,24
https://img.0756fang.com/Upload/Dictionary/2016-12/80963aef-d11e-4f89-86ca-d12f66822656.jpg,4室2厅2卫,127.0㎡,15511元,南北通,1,24
https://img.0756fang.com/Upload/Dictionary/2014-11/fe958741-b7d8-4597-8ddc-557bcfbc7db5.jpg,2室2厅1卫,0㎡,0元,北,0,2143
https://img.0756fang.com/Upload/Dictionary/2015-10/2905459b-893e-427a-8bcb-a9b0c50097eb.jpg,4室2厅2卫,0㎡,0元,南北通,1,2143
https://img.0756fang.com/Upload/Dictionary/2018-12/870273be-2cf6-4307-b927-4d1eb82e51d1.png,3室2厅2卫,104.4㎡,18678元,南北通,0,1245
https://img.0756fang.com/Upload/Dictionary/2018-12/b3a94552-a8b4-45db-b3cd-11df53c45892.png,3室2厅2卫,93.0㎡,18709元,南,1,1245
https://img.0756fang.com/Upload/Dictionary/2019-07/5f19dd78-7b3a-4f62-a912-cbd96d5b29b7.jpg,4室2厅2卫,133.0㎡,17518元,南,0,118
https://img.0756fang.com/Upload/Dictionary/2019-07/590f7483-c801-49c9-ab17-d8865cccf045.jpg,4室2厅2卫,150.0㎡,16533元,南北通,1,118
https://img.0756fang.com/Upload/Dictionary/2018-05/71aa6734-5269-423c-9b2b-921d16e5f44e.jpg,4室2厅2卫,118.0㎡,16949元,南北通,0,1147
https://img.0756fang.com/Upload/Dictionary/2018-05/c6f03a76-3648-4a38-9d2b-365deeae36f8.jpg,3室2厅2卫,89.0㎡,17303元,南北通,1,1147
https://img.0756fang.com/Upload/Dictionary/2018-05/8bd01125-1e71-486a-9c55-e513fde963a5.jpg,3室2厅2卫,89.3㎡,17357元,南,2,1147
https://img.0756fang.com/Upload/Dictionary/2017-11/1abbeb00-13df-4545-a459-81ef964ebe49.jpg,3室2厅2卫,0㎡,0元,南北通,0,67
https://img.0756fang.com/Upload/Dictionary/2017-11/c01ae6db-de11-4486-a00e-99b6da192948.jpg,4室2厅2卫,0㎡,0元,南北通,1,67
https://img.0756fang.com/Upload/Dictionary/2017-11/fb424ae9-942c-4e48-af88-a3653d3f2a9d.jpg,4室2厅2卫,0.0㎡,0元,南北通,0,115
https://img.0756fang.com/Upload/Dictionary/2019-03/abc2ec8e-9e4c-4cca-b779-025856afd909.jpg,3室2厅2卫,99.0㎡,12626元,,0,1262
https://img.0756fang.com/Upload/Dictionary/2019-03/b01f423e-12c4-419e-8147-57ba4005236c.jpg,2室2厅1卫,80.0㎡,12500元,南,1,1262
https://img.0756fang.com/Upload/Dictionary/2019-05/499b7aa7-3e77-4bc6-b8d6-2db22ea68b5b.jpg,3室2厅2卫,100.0㎡,24000元,南,0,1291
https://img.0756fang.com/Upload/Dictionary/2019-05/dc71a055-d816-4dfa-a89e-79efc0e08bf5.jpg,4室2厅2卫,129.0㎡,23255元,南北通,1,1291
https://img.0756fang.com/Upload/Dictionary/2019-05/b8cc33f5-4cb0-4eaa-b3fe-129546286d17.jpg,1室0厅1卫,36.0㎡,27222元,南,2,1291
https://img.0756fang.com/Upload/Dictionary/2020-11/sAA35B189026D4B2C8AB2AF4851FE4435.jpg,4室2厅2卫,116.0㎡,20172元,南北通,0,2094
https://img.0756fang.com/Upload/Dictionary/2020-11/s3BBDBED6CA8D42F6BE677740E1DA60A4.jpg,3室2厅1卫,80.0㎡,20625元,南北通,1,2094
https://img.0756fang.com/Upload/Dictionary/2021-06/s58F5E7AEA31F4C448AC8325A16375CF4.png,2室2厅1卫,74.0㎡,14189元,南,0,2154
https://img.0756fang.com/Upload/Dictionary/2021-06/s141A5F06214E408FB9EB62F4E6988F82.png,3室2厅2卫,95.0㎡,14210元,南,1,2154
https://img.0756fang.com/Upload/Dictionary/2022-03/202203240841126275.jpg,3室2厅1卫,89.0㎡,11460元,南,2,2154
https://img.0756fang.com/Upload/Dictionary/2022-03/202203240843048425.jpg,3室2厅2卫,99.0㎡,10808元,南北通,3,2154
https://img.0756fang.com/Upload/Dictionary/2022-04/202204090224593410.jpeg,3室2厅2卫,97.0㎡,18556元,东南,0,2104
https://img.0756fang.com/Upload/Dictionary/2022-04/202204090225206226.jpeg,4室2厅2卫,119.0㎡,18487元,东南,1,2104
https://img.0756fang.com/Upload/Dictionary/2020-12/s23723B2D6EC249FA908A0E7C4EF5DB0C.png,4室2厅2卫,143.0㎡,23076元,南北通,2,2104
https://img.0756fang.com/Upload/Dictionary/2022-04/202204090224240533.jpeg,4室2厅2卫,127.0㎡,18897元,南北通,3,2104
https://img.0756fang.com/Upload/Dictionary/2019-05/2d432b19-9feb-4422-bfd1-c44b799b3b59.jpg,3室2厅2卫,90.0㎡,12111元,南北通,0,1289
https://img.0756fang.com/Upload/Dictionary/2019-05/25fb710e-2090-4f2c-b9a7-c750c72d613e.jpg,3室2厅1卫,99.0㎡,11919元,南北通,1,1289
https://img.0756fang.com/Upload/Dictionary/2021-01/s3F42F2C62F5D40CF9B75F8E883754575.jpg,4室2厅2卫,114.0㎡,12719元,南北通,2,1289
https://img.0756fang.com/Upload/Dictionary/2021-01/s74576A45E0234E9CAA7DDE9282FF0739.jpg,3室2厅2卫,97.0㎡,12886元,南北通,3,1289
https://img.0756fang.com/Upload/Dictionary/2020-05/s8A675B1CE21F4F55AF0DF6E055BD849A.jpg,2室2厅1卫,74.9㎡,17757元,南,0,92
https://img.0756fang.com/Upload/Dictionary/2020-05/s8D5E91EC93D74A549FE822BFAE7BAC1F.jpg,2室2厅1卫,78.2㎡,17774元,南,1,92
https://img.0756fang.com/Upload/Dictionary/2020-05/sA33DF2889B684238AE5FB35C745DDD7A.jpg,3室2厅2卫,101.2㎡,17786元,北,2,92
https://img.0756fang.com/Upload/Dictionary/2020-05/s142B18CF88D5412C9EDD716E27F0AAE1.jpg,4室2厅2卫,144.0㎡,16944元,北,3,92
https://img.0756fang.com/Upload/Dictionary/2021-03/A2524DACF18E437FAE98A4B3282850EA.jpeg,4室2厅2卫,131.0㎡,19770元,南北通,4,92
https://img.0756fang.com/Upload/Dictionary/2021-03/A4B6F30141DC4EF184F2D5C9D4F26F61.jpeg,3室2厅1卫,89.1㎡,19640元,南,5,92
https://img.0756fang.com/Upload/Dictionary/2021-03/925BF4A44F194C30AF7DDD7FAE300729.jpeg,3室2厅2卫,133.7㎡,19670元,南北通,6,92
https://img.0756fang.com/Upload/Dictionary/2023-03/202303030453411814.jpeg,2室2厅1卫,70.0㎡,10000元,西北,0,2296
https://img.0756fang.com/Upload/Dictionary/2023-03/202303030523231854.jpeg,3室2厅2卫,89.0㎡,9550元,南,1,2296
https://img.0756fang.com/Upload/Dictionary/2023-03/202303030528361803.jpeg,4室2厅2卫,99.0㎡,10404元,南北通,2,2296
https://img.0756fang.com/Upload/Dictionary/2021-01/s6EB0AACA02F448A4A6F2957B56E5E7B1.png,3室2厅2卫,109.0㎡,14678元,南北通,0,38
https://img.0756fang.com/Upload/Dictionary/2021-01/s6EB0AACA02F448A4A6F2957B56E5E7B1.png,3室2厅2卫,94.0㎡,14893元,南,1,38
https://img.0756fang.com/Upload/Dictionary/2021-01/s704CF35C5BC94AA184DAD3FD3F830593.jpg,3室2厅2卫,88.6㎡,15914元,南北通,2,38
https://img.0756fang.com/Upload/Dictionary/2020-09/sEC6A14097B9F4ABF88E198F1F30F69B9.jpg,3室3厅4卫,200.0㎡,19000元,南北通,0,45
https://img.0756fang.com/Upload/Dictionary/2020-09/s0DEF3230149D4FE7861732655DE13275.jpg,4室2厅3卫,172.0㎡,23255元,南北通,1,45
https://img.0756fang.com/Upload/Dictionary/2020-09/s77CAAD2D40C7404BB0A26CB03B2145FF.jpg,4室2厅4卫,173.0㎡,21387元,南北通,2,45
https://img.0756fang.com/Upload/Dictionary/2020-09/s1AF66BD1BAB94B7682F14ADD200C4D99.jpeg,3室2厅2卫,91.0㎡,17582元,南,3,45
https://img.0756fang.com/Upload/Dictionary/2020-09/sDD61C17B7D8F4A74BB2ADF67360A7EF7.jpeg,3室2厅2卫,97.0㎡,17010元,东北,4,45
https://img.0756fang.com/Upload/Dictionary/2020-09/sFE7247FB466149599D41324F9CC822BB.jpeg,4室2厅2卫,115.0㎡,16956元,南北通,5,45
https://img.0756fang.com/Upload/Dictionary/2020-09/sEC6A14097B9F4ABF88E198F1F30F69B9.jpg,5室3厅3卫,200.0㎡,20000元,南北通,6,45
https://img.0756fang.com/Upload/Dictionary/2020-09/s0DEF3230149D4FE7861732655DE13275.jpg,4室3厅3卫,172.0㎡,20348元,南北通,7,45
https://img.0756fang.com/Upload/Dictionary/2020-09/s77CAAD2D40C7404BB0A26CB03B2145FF.jpg,4室3厅3卫,173.0㎡,20809元,南北通,8,45
https://img.0756fang.com/Upload/Dictionary/2021-10/202110161046067128.jpg,3室2厅2卫,83.0㎡,18072元,南,0,2175
https://img.0756fang.com/Upload/Dictionary/2021-10/202110161048134231.jpg,3室2厅2卫,92.0㎡,18043元,南北通,1,2175
https://img.0756fang.com/Upload/Dictionary/2021-10/202110161049304078.jpg,4室2厅2卫,104.0㎡,18942元,南北通,2,2175
https://img.0756fang.com/Upload/Dictionary/2021-11/202111290654244311.jpg,3室2厅2卫,85.0㎡,11411元,南,0,2228
https://img.0756fang.com/Upload/Dictionary/2021-11/202111290656138768.jpg,3室2厅2卫,95.0㎡,11000000元,南北通,1,2228
https://img.0756fang.com/Upload/Dictionary/2021-11/202111290658230433.jpg,3室2厅2卫,95.0㎡,11000元,南,2,2228
https://img.0756fang.com/Upload/Dictionary/2021-11/202111290659592744.jpg,4室2厅2卫,110.0㎡,11000元,南北通,3,2228
https://img.0756fang.com/Upload/Dictionary/2016-12/ba2410ed-03d9-40f7-bcc5-2187d8e19f52.jpg,3室2厅1卫,103.0㎡,18446元,东北,0,1315
https://img.0756fang.com/Upload/Dictionary/2019-07/53cd5339-3b54-4368-ab6f-6f66a07cb808.jpg,3室2厅1卫,82.0㎡,20487元,南,1,1315
https://img.0756fang.com/Upload/Dictionary/2019-07/65db55b2-42e2-4ebd-9ab5-1e961acbd72c.jpg,4室2厅2卫,109.0㎡,17889元,南北通,2,1315
https://img.0756fang.com/Upload/Dictionary/2019-07/9cf6b14f-6360-4460-9455-d15cdacf0ed2.jpg,3室2厅1卫,90.0㎡,16111元,南,0,1292
https://img.0756fang.com/Upload/Dictionary/2019-07/01ebabb7-2d1e-4715-a145-77de37e1a7ff.jpg,3室2厅2卫,96.0㎡,16145元,南,1,1292
https://img.0756fang.com/Upload/Dictionary/2019-07/94df266a-d23b-4535-82d5-998630dc3c22.jpg,3室2厅2卫,101.0㎡,15841元,南,2,1292
https://img.0756fang.com/Upload/Dictionary/2019-07/17783eb7-4458-4a3c-8c15-f6ff99799b86.jpg,4室2厅2卫,121.0㎡,16528元,南,3,1292
https://img.0756fang.com/Upload/Dictionary/2021-10/202110251140240750.jpg,3室2厅1卫,87.0㎡,1379元,西南,4,1292
https://img.0756fang.com/Upload/Dictionary/2022-09/202209301117228428.jpg,3室2厅2卫,89.0㎡,10112元,东南,0,2270
https://img.0756fang.com/Upload/Dictionary/2022-09/202209301118514161.jpg,4室2厅2卫,117.0㎡,9658元,南北通,1,2270
https://img.0756fang.com/Upload/Dictionary/2021-03/s7F368F2678C245A6B48581FDDC4CC15D.png,2室2厅1卫,80.0㎡,19375元,东,0,2127
https://img.0756fang.com/Upload/Dictionary/2021-03/s5000B559A3EC46339841396E677A2082.png,3室2厅2卫,100.0㎡,18700元,南,1,2127
https://img.0756fang.com/Upload/Dictionary/2021-03/sB704767E9C2B49F99D515823CCFEA287.png,4室2厅2卫,138.0㎡,19565元,南北通,2,2127
https://img.0756fang.com/Upload/Dictionary/2022-02/202202110158436208.png,3室2厅2卫,89.0㎡,15955元,南,0,2251
https://img.0756fang.com/Upload/Dictionary/2022-02/202202110201321842.png,4室2厅2卫,103.0㎡,15533元,南北通,1,2251
https://img.0756fang.com/Upload/Dictionary/2022-02/202202110204515062.png,5室2厅2卫,126.0㎡,17777元,东南,2,2251
https://img.0756fang.com/Upload/Dictionary/2021-10/202110201024330064.jpg,3室2厅2卫,91.0㎡,9890元,南北通,0,2129
https://img.0756fang.com/Upload/Dictionary/2021-10/202110201028493504.jpg,3室2厅2卫,89.0㎡,9887元,南,1,2129
https://img.0756fang.com/Upload/Dictionary/2021-10/202110201033398063.jpg,4室2厅2卫,90.0㎡,9777元,南北通,2,2129
https://img.0756fang.com/Upload/Dictionary/2021-10/202110201037134710.jpg,3室2厅1卫,75.0㎡,9733元,北,3,2129
https://img.0756fang.com/Upload/Dictionary/2020-04/sC34FA191B193428BAD3EA548EEFA9FCB.jpg,2室2厅1卫,68.0㎡,16911元,东,0,1259
https://img.0756fang.com/Upload/Dictionary/2020-04/sAA5DAE7AF95045CAA53449B13726573F.jpg,3室2厅2卫,89.0㎡,15056元,西南,1,1259
https://img.0756fang.com/Upload/Dictionary/2020-04/s76FD9B29664B494EA32FA1B374597495.jpg,1室1厅1卫,43.0㎡,17209元,东南,2,1259
https://img.0756fang.com/Upload/Dictionary/2020-04/s11C16C3CC5F3483DB543F646696C110A.jpg,3室2厅1卫,83.0㎡,16024元,西南,3,1259
https://img.0756fang.com/Upload/Dictionary/2019-08/d3e92377-3cc2-49e1-aec6-69f328817e6e.jpg,3室2厅2卫,89.0㎡,20786元,南,0,77
https://img.0756fang.com/Upload/Dictionary/2019-08/18ce9969-8a79-49ab-b872-f6898f3e20ad.jpg,4室2厅2卫,110.0㎡,19818元,南北通,1,77
https://img.0756fang.com/Upload/Dictionary/2020-03/C8541A9F920C461280150FD8495C1F57.jpeg,3室2厅1卫,82.0㎡,19512元,南,2,77
https://img.0756fang.com/Upload/Dictionary/2021-11/202111141012531625.jpg,3室2厅1卫,75.0㎡,17600元,南,0,2221
https://img.0756fang.com/Upload/Dictionary/2021-11/202111141016196572.jpg,3室2厅2卫,86.6㎡,17321元,南,1,2221
https://img.0756fang.com/Upload/Dictionary/2021-11/202111141019360740.jpg,3室2厅2卫,87.1㎡,17221元,南北通,2,2221
https://img.0756fang.com/Upload/Dictionary/2018-07/583a99cd-9994-47ca-bc2c-da0f5074bcce.jpg,4室2厅2卫,127.0㎡,17244元,南北通,0,1176
https://img.0756fang.com/Upload/Dictionary/2018-08/f8008278-26cd-4694-b91c-155919eb69e7.jpg,3室2厅2卫,98.0㎡,16836元,南,1,1176
https://img.0756fang.com/Upload/Dictionary/2018-08/415dd799-087c-414d-88c6-1c0971f35a48.jpg,3室2厅2卫,109.0㎡,19174元,南北通,2,1176
https://img.0756fang.com/Upload/Dictionary/2018-08/809e3e20-8c86-41b1-8aac-9ee14c31ce20.jpg,0室0厅0卫,0㎡,0元,,3,1176
https://img.0756fang.com/Upload/Dictionary/2021-10/202110221052531043.jpg,3室2厅2卫,98.0㎡,18877元,南,4,1176
https://img.0756fang.com/Upload/Dictionary/2021-10/202110221055263640.jpg,3室2厅2卫,119.0㎡,17983元,东南,5,1176
https://img.0756fang.com/Upload/Dictionary/2021-10/202110221058244482.jpg,4室2厅2卫,127.0㎡,17952元,南北通,6,1176
https://img.0756fang.com/Upload/Dictionary/2019-10/b53ee5a1-152b-4ea5-928e-aa610587a1ba.jpg,4室2厅2卫,108.0㎡,22962元,南北通,0,1265
https://img.0756fang.com/Upload/Dictionary/2019-10/6286aef1-5203-4613-b762-b2555c711b6c.jpg,4室2厅2卫,119.0㎡,22268元,南北通,1,1265
https://img.0756fang.com/Upload/Dictionary/2019-10/8e23ed56-e492-4dc0-a1d6-ae796814232e.jpg,4室2厅2卫,101.0㎡,242574元,南,2,1265
https://img.0756fang.com/Upload/Dictionary/2019-03/aceba673-22bc-4ae0-b768-52949c8e64dd.jpg,0室0厅0卫,0.0㎡,0元,,3,1265
https://img.0756fang.com/Upload/Dictionary/2022-12/202212190323166567.jpg,4室2厅2卫,97.0㎡,21958元,南,4,1265
https://img.0756fang.com/Upload/Dictionary/2022-12/202212190327197711.jpg,4室2厅2卫,108.0㎡,20925元,南北通,5,1265
https://img.0756fang.com/Upload/Dictionary/2022-12/202212190251163826.jpg,4室2厅2卫,108.0㎡,21018元,南北通,6,1265
https://img.0756fang.com/Upload/Dictionary/2022-12/202212081117593486.png,5室4厅3卫,140.0㎡,42857元,东南,0,2292
https://img.0756fang.com/Upload/Dictionary/2022-12/202212081128037251.png,5室3厅4卫,209.0㎡,47846元,东南,1,2292
https://img.0756fang.com/Upload/Dictionary/2022-12/202212081128150222.png,6室4厅4卫,329.0㎡,63829元,东南,2,2292
https://img.0756fang.com/Upload/Dictionary/2021-10/202110210516210717.jpg,3室2厅2卫,95.0㎡,11578元,南,0,1351
https://img.0756fang.com/Upload/Dictionary/2019-12/e53943b6-0596-426d-8831-5aab49127a63.jpg,4室2厅2卫,115.0㎡,10000元,南北通,1,1351
https://img.0756fang.com/Upload/Dictionary/2019-12/fe17caff-e1b7-452a-82cf-50263d421713.jpg,4室2厅2卫,128.0㎡,13281元,南北通,2,1351
https://img.0756fang.com/Upload/Dictionary/2018-03/a016ebf5-db84-4a23-91a4-ab9b8d74a594.jpg,3室2厅2卫,113.0㎡,15044元,南北通,0,41
https://img.0756fang.com/Upload/Dictionary/2020-10/s8436E0B5FD0E4063975321B17222724B.jpg,3室2厅2卫,97.0㎡,13402元,南,1,41
https://img.0756fang.com/Upload/Dictionary/2020-10/sEF9AD8E0DF6043049E2ACA69C5ED2ED6.jpg,4室2厅2卫,118.0㎡,13983元,南北通,2,41
https://img.0756fang.com/Upload/Dictionary/2020-07/s3ABCEB3246C2408D9AE5C352C3B12040.jpg,3室2厅2卫,97.0㎡,22989元,东北,0,2019
https://img.0756fang.com/Upload/Dictionary/2020-07/s614E9014DA464299ABFFE4A267F18C44.jpg,3室2厅2卫,88.5㎡,21468元,西南,1,2019
https://img.0756fang.com/Upload/Dictionary/2022-01/202201121024052143.jpeg,4室2厅2卫,146.0㎡,18356元,南,2,2019
https://img.0756fang.com/Upload/Dictionary/2022-01/202201121056262326.jpeg,4室2厅2卫,125.0㎡,19200元,南,3,2019
https://img.0756fang.com/Upload/Dictionary/2021-03/sA10A9512683E4A728308244946F52770.jpg,2室2厅1卫,65.0㎡,14615元,东北,0,2126
https://img.0756fang.com/Upload/Dictionary/2021-03/sE1F9825B11A64DBFACBAFFCE7179BCBA.jpg,3室2厅2卫,103.0㎡,14077元,南,1,2126
https://img.0756fang.com/Upload/Dictionary/2021-03/s7753CE02547F4CA4AC8F5C3A5B07DB57.jpg,3室2厅2卫,99.0㎡,14141元,南,2,2126
https://img.0756fang.com/Upload/Dictionary/2022-12/202212190207008857.jpg,3室2厅2卫,99.0㎡,12626元,南,0,2185
https://img.0756fang.com/Upload/Dictionary/2022-12/202212190211125553.jpg,3室2厅2卫,102.0㎡,13235元,南,1,2185
https://img.0756fang.com/Upload/Dictionary/2022-12/202212190213162325.jpg,4室2厅2卫,117.0㎡,14102元,南,2,2185
https://img.0756fang.com/Upload/Dictionary/2022-12/202212190217214004.jpg,3室2厅2卫,92.0㎡,16304元,南,3,2185
https://img.0756fang.com/Upload/Dictionary/2019-09/cb69594e-c4d0-46c1-b299-4f97cafe262f.jpg,3室2厅2卫,145.0㎡,11724元,西南,0,1327
https://img.0756fang.com/Upload/Dictionary/2021-05/s6BFCA341FC134AB7BE4DB021F3EB104B.jpg,3室2厅1卫,97.7㎡,11770元,西,1,1327
https://img.0756fang.com/Upload/Dictionary/2021-04/sC1749676A75A407BA9CBFD0C2B046AE3.jpg,3室2厅1卫,77.0㎡,19480元,南,0,2135
https://img.0756fang.com/Upload/Dictionary/2021-04/s6563748569024C188E52D6F0A653B86D.jpg,3室2厅2卫,103.0㎡,18932元,南,1,2135
https://img.0756fang.com/Upload/Dictionary/2021-10/202110180156286040.jpg,3室2厅1卫,75.0㎡,20000元,南,0,2182
https://img.0756fang.com/Upload/Dictionary/2021-10/202110240259256302.jpg,3室2厅2卫,89.0㎡,20224元,南,1,2182
https://img.0756fang.com/Upload/Dictionary/2020-07/sB1600D77F258482ABF6D09CD3488F8A6.jpg,1室0厅0卫,77.7㎡,22908元,西南,0,99
https://img.0756fang.com/Upload/Dictionary/2018-06/1886ef01-4302-4647-8fbe-970ccfe64ce6.jpg,3室2厅2卫,85.0㎡,11764元,东南,0,1166
https://img.0756fang.com/Upload/Dictionary/2018-06/1886ef01-4302-4647-8fbe-970ccfe64ce6.jpg,4室2厅2卫,98.0㎡,11836元,南北通,1,1166
https://img.0756fang.com/Upload/Dictionary/2013-12/f26a9a1c-dc2f-4b59-9f55-331b717ca103.jpg,3室2厅2卫,0.0㎡,0元,,2,1166
https://img.0756fang.com/Upload/Dictionary/2019-04/1628fbce-61aa-4486-b583-c50ccbfbd043.png,3室2厅1卫,85.0㎡,11176元,南,0,79
https://img.0756fang.com/Upload/Dictionary/2019-04/443a5193-511d-447b-9104-9c63dd21efc3.png,3室2厅2卫,96.0㎡,10937元,南北通,1,79
https://img.0756fang.com/Upload/Dictionary/2021-11/202111171028417718.jpg,0室0厅0卫,0.0㎡,0元,南,0,2225
https://img.0756fang.com/Upload/Dictionary/2021-11/202111171029566286.jpg,0室0厅0卫,0.0㎡,0元,南,1,2225
https://img.0756fang.com/Upload/Dictionary/2021-11/202111171031005373.jpg,0室0厅0卫,0.0㎡,0元,南,2,2225
https://img.0756fang.com/Upload/Dictionary/2021-11/202111171032178308.jpg,0室0厅0卫,0.0㎡,0元,南,3,2225
https://img.0756fang.com/Upload/Dictionary/2021-11/202111171033064373.jpg,0室0厅0卫,0.0㎡,0元,南,4,2225
https://img.0756fang.com/Upload/Dictionary/2021-11/202111171034291785.jpg,0室0厅0卫,0.0㎡,0元,北,5,2225
https://img.0756fang.com/Upload/Dictionary/2020-09/sCBE5927A868949E4964D53630282DF94.jpg,2室2厅1卫,72.0㎡,0元,西南,0,2061
https://img.0756fang.com/Upload/Dictionary/2020-09/s3FE1CD9AB85A44AB809574A3E2BF07BF.jpg,3室2厅1卫,88.0㎡,0元,南,1,2061
https://img.0756fang.com/Upload/Dictionary/2020-09/s209D8A48AFBD416F8E1352AB69AE42D0.jpg,3室2厅1卫,91.0㎡,0元,东南,2,2061
https://img.0756fang.com/Upload/Dictionary/2020-09/sEAA0DFF5448140A9B1E1D8BA6BE53EAB.jpg,3室2厅2卫,102.0㎡,0元,南北通,3,2061
https://img.0756fang.com/Upload/Dictionary/2020-11/s7D7D0FA084454097BE8CE018F9175429.png,3室2厅1卫,92.0㎡,19239元,南,4,2061
https://img.0756fang.com/Upload/Dictionary/2020-11/s2669C70B715949A2B3A07ECB4434DC2E.png,3室2厅2卫,101.0㎡,19801元,南,5,2061
https://img.0756fang.com/Upload/Dictionary/2018-04/ef608c03-9c15-46b3-b4cf-9e65adae05c9.png,3室2厅2卫,103.0㎡,20000元,南,0,1142
https://img.0756fang.com/Upload/Dictionary/2018-04/79c6ed57-8871-4bad-a42e-fb1cf1746496.png,3室2厅2卫,125.0㎡,20000元,南北通,1,1142
https://img.0756fang.com/Upload/Dictionary/2018-04/f66509fe-60a8-42b0-81b2-19d836e87544.png,4室2厅2卫,143.0㎡,20000元,南北通,2,1142
https://img.0756fang.com/,3室2厅2卫,0㎡,0元,南北通,0,36
https://img.0756fang.com/Upload/Dictionary/2021-08/s455E6AC1059D42D3AC02AD979DB33F5C.jpg,3室2厅2卫,125.0㎡,19040元,南北通,0,2171
https://img.0756fang.com/Upload/Dictionary/2021-08/sABF9C214C476460DA9FB664066067CEA.jpg,2室2厅2卫,119.0㎡,19327元,南,1,2171
https://img.0756fang.com/Upload/Dictionary/2021-08/s1ADEC874E500400B857E314CC967D9A0.jpg,4室2厅2卫,165.0㎡,18666元,南北通,2,2171
https://img.0756fang.com/Upload/Dictionary/2021-08/s11B8DE52231B4D188ECC3C0C3F75D855.jpg,3室2厅1卫,99.0㎡,18989元,南,3,2171
https://img.0756fang.com/Upload/Dictionary/2018-08/562e0433-a787-428d-a2c4-731e3923d079.jpg,3室2厅2卫,102.0㎡,17156元,南北通,0,131
https://img.0756fang.com/Upload/Dictionary/2020-07/sFC1470A8BC704BDFB60989B71331EED7.jpg,3室2厅2卫,110.0㎡,12181元,南,0,2021
https://img.0756fang.com/Upload/Dictionary/2020-07/sFC1470A8BC704BDFB60989B71331EED7.jpg,3室2厅1卫,91.0㎡,12417元,南,1,2021
https://img.0756fang.com/Upload/Dictionary/2016-10/7b692ab1-5cba-4419-ae1d-42905864cbe4.jpg,3室2厅1卫,0㎡,0元,南,0,44
https://img.0756fang.com/Upload/Dictionary/2020-12/s713E90DC48BC43B18AB0826685C91B16.jpg,3室2厅2卫,100.0㎡,15800元,南,0,2108
https://img.0756fang.com/Upload/Dictionary/2020-12/s2461A4F7A6B04C3DB809CF23CA47445D.jpg,3室2厅1卫,85.0㎡,15882元,南,1,2108
https://img.0756fang.com/Upload/Dictionary/2020-12/sB9E992DB7B914A2C9C75F12B43210170.jpg,4室2厅2卫,114.0㎡,15789元,南北通,2,2108
https://img.0756fang.com/Upload/Dictionary/2016-10/128788ff-de74-497d-989e-1025b1e7668e.jpg,4室2厅2卫,0㎡,0元,南北通,0,2145
https://img.0756fang.com/Upload/Dictionary/2019-07/816a1866-5bf1-4602-a220-c63e13378284.jpg,3室2厅2卫,88.0㎡,20454元,南北通,0,1312
https://img.0756fang.com/Upload/Dictionary/2020-04/s403D1F9342A74FA2A6BD205994C814BB.jpg,4室2厅2卫,109.0㎡,21100元,南北通,1,1312
https://img.0756fang.com/Upload/Dictionary/2020-04/s4E87F68C5AAA403BADCF91AF235F2CF1.jpg,4室2厅2卫,120.0㎡,21250元,南北通,2,1312
https://img.0756fang.com/Upload/Dictionary/2017-11/98d62912-50ea-41ef-89d0-a3d78c4a8203.jpg,3室2厅2卫,0㎡,0元,南,0,64
https://img.0756fang.com/Upload/Dictionary/2017-10/54643dc0-05aa-44ba-afc3-ca2ab33bdf71.jpg,3室2厅1卫,77.7㎡,14157元,南,1,64
https://img.0756fang.com/Upload/Dictionary/2017-11/2e2003ff-9579-40ff-910e-639e76375580.jpg,3室2厅2卫,88.0㎡,15454元,南,2,64
https://img.0756fang.com/Upload/Dictionary/2017-11/3fecbe55-e368-4e45-b47e-84f8c2d51fd4.jpg,4室2厅2卫,0.0㎡,0元,南北通,3,64
https://img.0756fang.com/Upload/Dictionary/2017-11/0b7717a9-31f0-4e25-a142-f37a15106faa.jpg,4室2厅2卫,0.0㎡,0元,南北通,4,64
https://img.0756fang.com/Upload/Dictionary/2020-05/s9FD7A61429E443FABC42BE2FDE62702C.jpg,5室2厅3卫,122.0㎡,24590元,南北通,0,1456
https://img.0756fang.com/Upload/Dictionary/2020-04/sD0303E5E95E94C7580B7A19AE78D81FF.jpeg,3室2厅2卫,97.0㎡,12886元,南北通,0,1347
https://img.0756fang.com/Upload/Dictionary/2020-05/s2DEDA38F3A804D3EA3EC909A9F8DBB83.jpg,1室1厅1卫,45.0㎡,17777元,南,0,1467
https://img.0756fang.com/Upload/Dictionary/2020-05/s4A36C3C393F641ECA7B13FB422200AA6.jpg,3室2厅2卫,92.0㎡,10326元,南,0,1468
https://img.0756fang.com/Upload/Dictionary/2020-05/s8FE7A2EFCC9E4D61866774347B59CC25.jpg,3室2厅2卫,97.0㎡,10309元,南,1,1468
https://img.0756fang.com/Upload/Dictionary/2020-05/sFE5542112104437AB7A230FF1E49F0CF.jpg,4室2厅2卫,119.0㎡,10420元,南,2,1468
https://img.0756fang.com/Upload/Dictionary/2015-07/d7e66f54-4aa6-4178-b4ff-751ae0a4e548.jpg,4室2厅4卫,0㎡,0元,南北通,0,31
https://img.0756fang.com/Upload/Dictionary/2015-07/f47810e0-6049-4d81-87db-c909646a881b.jpg,4室2厅4卫,0㎡,0元,南北通,1,31
https://img.0756fang.com/Upload/Dictionary/2015-07/a4b6292f-7924-480e-b7ee-c30f71f41c3d.jpg,4室2厅3卫,0㎡,0元,南北通,2,31
https://img.0756fang.com/Upload/Dictionary/2015-07/276291f9-4e85-4b91-81cd-df810b4a3305.jpg,3室2厅3卫,0㎡,0元,南北通,3,31
https://img.0756fang.com/Upload/Dictionary/2017-07/4838e7bd-8a1a-40d6-8f0e-891d2b630e7c.jpg,3室2厅1卫,0.0㎡,0元,南,4,31
https://img.0756fang.com/Upload/Dictionary/2017-07/6dae8908-5e24-4dba-8c4e-769e32ad175b.jpg,3室2厅2卫,0.0㎡,0元,南,5,31
https://img.0756fang.com/Upload/Dictionary/2017-07/deeb1ed9-8fc9-4e09-a00c-cc5b80d55a0c.jpg,4室2厅2卫,0.0㎡,0元,南,6,31
https://img.0756fang.com/Upload/Dictionary/2018-02/57f0302a-0844-4884-bf4d-d1c3bdccc74b.jpg,3室2厅2卫,105.2㎡,14543元,南北通,0,98
https://img.0756fang.com/Upload/Dictionary/2018-02/6f2f13fd-9853-4307-bf9d-98e4aa727d65.jpg,3室2厅1卫,87.0㎡,14252元,南,1,98
https://img.0756fang.com/Upload/Dictionary/2018-10/ced4e7b3-0e49-43a4-a94d-04a7bfc53b39.jpg,4室2厅2卫,127.0㎡,11889元,南北通,2,98
https://img.0756fang.com/Upload/Dictionary/2020-05/sD602D85F37654186825B57F7E3E47A5A.png,3室2厅1卫,93.0㎡,11827元,西南,0,1463
https://img.0756fang.com/Upload/Dictionary/2020-05/s4ECE02F1F02844BBAD375E6D3A6E8A7F.jpg,4室2厅2卫,143.0㎡,11188元,南北通,1,1463
https://img.0756fang.com/Upload/Dictionary/2020-05/s42CC7A070BB94589A8EC212BEE3F9331.jpg,2室2厅1卫,84.0㎡,12500元,西北,2,1463
https://img.0756fang.com/Upload/Dictionary/2019-09/63fd85d7-1c34-4e6a-b2e1-f7d4325176e3.jpg,3室2厅2卫,90.7㎡,14002元,南北通,0,1328
https://img.0756fang.com/Upload/Dictionary/2019-09/da0497bc-ed84-4d13-9ab8-b848b6d4b4f8.jpg,4室2厅2卫,123.0㎡,13008元,南北通,1,1328
https://img.0756fang.com/Upload/Dictionary/2019-09/655fa462-e984-4ebf-816b-c86da1d23d0d.jpg,3室2厅1卫,90.8㎡,14096元,南北通,2,1328
https://img.0756fang.com/Upload/Dictionary/2019-09/63fd85d7-1c34-4e6a-b2e1-f7d4325176e3.jpg,3室2厅2卫,90.7㎡,14002元,东北,3,1328
https://img.0756fang.com/Upload/Dictionary/2019-09/655fa462-e984-4ebf-816b-c86da1d23d0d.jpg,3室2厅1卫,90.8㎡,14096元,东南,4,1328
https://img.0756fang.com/Upload/Dictionary/2019-09/4143c94f-2c1a-441b-b62b-b481c42f53db.jpg,3室2厅2卫,102.0㎡,13529元,南北通,0,1325
https://img.0756fang.com/Upload/Dictionary/2019-09/4143c94f-2c1a-441b-b62b-b481c42f53db.jpg,3室2厅2卫,102.0㎡,13529元,南北通,1,1325
https://img.0756fang.com/Upload/Dictionary/2019-09/1c2b90c1-8609-471d-a86f-885c9748c8d2.jpg,3室2厅3卫,103.0㎡,13592元,南,2,1325
https://img.0756fang.com/Upload/Dictionary/2019-09/1c2b90c1-8609-471d-a86f-885c9748c8d2.jpg,3室2厅3卫,103.0㎡,13592元,南,3,1325
https://img.0756fang.com/Upload/Dictionary/2019-09/1c2b90c1-8609-471d-a86f-885c9748c8d2.jpg,3室2厅3卫,103.0㎡,13592元,南,4,1325
https://img.0756fang.com/Upload/Dictionary/2019-12/17eadc06-a364-445a-91e1-f78e66e2d720.jpg,5室2厅3卫,192.0㎡,6770元,南,0,1352
https://img.0756fang.com/Upload/Dictionary/2019-12/137a30c8-8513-41d3-ab76-5df4ff875c39.jpg,4室2厅3卫,168.0㎡,8214元,东北,1,1352
https://img.0756fang.com/Upload/Dictionary/2019-12/17eadc06-a364-445a-91e1-f78e66e2d720.jpg,3室2厅2卫,98.0㎡,14081元,西南,2,1352
https://img.0756fang.com/Upload/Dictionary/2022-12/202212261144182642.jpeg,3室2厅2卫,100.0㎡,12000元,南,0,2268
https://img.0756fang.com/Upload/Dictionary/2022-12/202212261143101151.jpeg,2室2厅1卫,79.0㎡,12151元,南,1,2268
https://img.0756fang.com/Upload/Dictionary/2022-12/202212261142260747.jpeg,4室2厅2卫,115.0㎡,12347元,南北通,2,2268
https://img.0756fang.com/Upload/Dictionary/2022-12/202212261146233427.jpeg,3室2厅2卫,103.0㎡,12135元,南,3,2268
https://img.0756fang.com/Upload/Dictionary/2022-12/202212260148352464.jpg,3室2厅2卫,110.0㎡,12727元,南北通,4,2268
https://img.0756fang.com/Upload/Dictionary/2018-09/3fc19fd5-09f2-4e3f-ae18-92379b193fef.jpg,3室2厅2卫,110.0㎡,11818元,南北通,0,1203
https://img.0756fang.com/Upload/Dictionary/2018-09/f31a830d-a761-4676-8297-cbbea615b376.jpg,4室2厅4卫,179.7㎡,11129元,南北通,1,1203
https://img.0756fang.com/Upload/Dictionary/2018-10/4d98927f-0fd6-47e4-9554-5f66622f9c46.jpg,3室2厅2卫,113.3㎡,10238元,南北通,2,1203
https://img.0756fang.com/Upload/Dictionary/2019-10/f596ee6d-93dd-4c84-a7be-6f269dc4cbfe.jpg,4室2厅3卫,168.0㎡,11607元,南北通,3,1203
https://img.0756fang.com/Upload/Dictionary/2019-03/e4ef4e99-90f9-450f-a250-a388ea161a2a.jpg,4室2厅3卫,140.2㎡,11554元,南北通,4,1203
https://img.0756fang.com/Upload/Dictionary/2019-10/85654478-c373-4b25-beb6-e3e99d2c2926.jpg,3室2厅2卫,130.0㎡,11230元,南北通,5,1203
https://img.0756fang.com/Upload/Dictionary/2018-10/cc5fff59-592a-4968-a7c7-ff869b42a581.jpg,2室2厅1卫,86.0㎡,11046元,南,6,1203
https://img.0756fang.com/Upload/Dictionary/2021-10/202110170918331706.png,3室2厅2卫,93.0㎡,11182元,南,0,2187
https://img.0756fang.com/Upload/Dictionary/2021-10/202110170923438233.png,4室2厅2卫,106.0㎡,11226元,南北通,1,2187
https://img.0756fang.com/Upload/Dictionary/2022-01/202201021151581687.jpg,3室2厅2卫,94.0㎡,10212元,南北通,0,2247
https://img.0756fang.com/Upload/Dictionary/2022-01/202201021200066581.png,3室2厅2卫,97.0㎡,10206元,南北通,1,2247
https://img.0756fang.com/Upload/Dictionary/2022-01/202201021204087868.png,3室2厅1卫,92.0㎡,10217元,南,2,2247
https://img.0756fang.com/Upload/Dictionary/2022-01/202201021210116542.jpg,3室2厅1卫,95.0㎡,10105元,东南,3,2247
https://img.0756fang.com/Upload/Dictionary/2022-01/202201021213086152.png,4室2厅2卫,114.0㎡,10175元,南北通,4,2247
https://img.0756fang.com/Upload/Dictionary/2022-01/202201021215201464.png,2室2厅1卫,76.0㎡,10263元,东南,5,2247
https://img.0756fang.com/,2室2厅1卫,58.5㎡,11111元,南,0,2293
https://img.0756fang.com/,2室2厅1卫,77.2㎡,15932元,南,1,2293
https://img.0756fang.com/,3室2厅2卫,96.7㎡,11375元,南北通,2,2293
https://img.0756fang.com/,3室2厅2卫,105.0㎡,16000元,南北通,3,2293
https://img.0756fang.com/,3室2厅2卫,105.0㎡,16000元,南北通,4,2293
https://img.0756fang.com/Upload/Dictionary/2020-09/s658481EB32B947148DDE7E1839E9CDE9.jpg,3室2厅2卫,95.0㎡,11578元,南,0,2053
https://img.0756fang.com/Upload/Dictionary/2020-09/s6800010605E144D4912F6801EE2009DC.jpg,4室2厅2卫,114.0㎡,10964元,东南,1,2053
https://img.0756fang.com/Upload/Dictionary/2020-11/sF8F7C0484B0D4E18999F9D01420C7127.jpg,3室2厅1卫,81.0㎡,11728元,南,2,2053
https://img.0756fang.com/Upload/Dictionary/2017-08/4589b45e-6d6b-492a-89f7-5887aaf45ee0.jpg,3室2厅1卫,0.0㎡,0元,南北通,0,49
https://img.0756fang.com/Upload/Dictionary/2021-11/202111191001311651.jpg,3室2厅1卫,77.0㎡,11038元,南,0,2226
https://img.0756fang.com/Upload/Dictionary/2019-08/66ad4b0a-0670-449c-b90a-5596589d92a5.jpg,2室2厅1卫,71.0㎡,13098元,南,0,1313
https://img.0756fang.com/Upload/Dictionary/2019-08/66ad4b0a-0670-449c-b90a-5596589d92a5.jpg,2室2厅1卫,71.0㎡,13098元,南,1,1313
https://img.0756fang.com/Upload/Dictionary/2019-08/217d2d07-69c2-492b-9c6c-727caebc4c72.jpg,3室2厅2卫,95.0㎡,12947元,东南,2,1313
https://img.0756fang.com/Upload/Dictionary/2019-08/d239d8da-a4a6-47fa-b163-b515a8e3bbde.jpg,3室2厅2卫,95.0㎡,12947元,东南,3,1313
https://img.0756fang.com/Upload/Dictionary/2019-08/9a53b51c-74c6-4845-a833-cbaced934ae7.jpg,1室1厅1卫,37.0㎡,15675元,北,4,1313
https://img.0756fang.com/Upload/Dictionary/2019-08/9a53b51c-74c6-4845-a833-cbaced934ae7.jpg,1室1厅1卫,37.0㎡,15675元,北,5,1313
https://img.0756fang.com/Upload/Dictionary/2019-08/94c68f22-d07b-40f4-ae65-4d19b97a5b61.jpg,4室2厅2卫,119.0㎡,13277元,东南,6,1313
https://img.0756fang.com/Upload/Dictionary/2019-08/7b68f173-1a29-4279-a630-b276aa92a2da.jpg,2室1厅1卫,57.0㎡,14035元,北,7,1313
